datem,mkt_rf,SMB,HML,RF,small_low,small_2,small_high,big_low,big_2,big_high,lmkt,lsmb,lhml
1926-07-31,2.65,-2.39,-2.57,0.22,1.53,0.71,0.18,5.74,1.91,1.94,,,
1926-08-31,2.59,-1.27,4.58,0.25,-0.59,2.39,5.57,2.75,2.68,5.74,2.65,-2.39,-2.57
1926-09-30,0.37,-1.25,-0.09,0.23,-2.32,-0.04,-0.47,1.42,0.09,-0.6,2.59,-1.27,4.58
1926-10-31,-3.45,-0.02,1.02,0.32,-3.83,-4.67,-1.47,-3.64,-2.33,-3.96,0.37,-1.25,-0.09
1926-11-30,2.43,-0.24,-0.63,0.31,2.92,3.81,1.8,3.26,2.85,3.13,-3.45,-0.02,1.02
1926-12-31,2.74,-0.12,0.16,0.28,2.4,1.86,3.27,2.87,2.69,2.33,2.43,-0.24,-0.63
1927-01-31,-0.19,-0.2,4.62,0.25,-0.75,-0.15,4.18,-0.23,0.01,4.09,2.74,-0.12,0.16
1927-02-28,4.17,0.04,3.04,0.26,3.19,6.97,6.49,5.12,3.51,7.91,-0.19,-0.2,4.62
1927-03-31,0.06,-1.7,-2.67,0.3,-1.76,-1.26,-2.92,1.68,-0.03,-2.5,4.17,0.04,3.04
1927-04-30,0.44,0.32,0.75,0.25,-1.16,0.3,3.85,3.14,-0.76,-0.36,0.06,-1.7,-2.67
1927-05-31,5.23,1.65,4.77,0.3,5.62,3.42,13.37,5.18,5.3,6.97,0.44,0.32,0.75
1927-06-30,-1.97,0.83,-2.5,0.26,-0.21,0.86,-3.99,-0.77,-3.08,-1.98,5.23,1.65,4.77
1927-07-31,7.1,-3.14,-0.97,0.3,4.3,5.14,3.93,8.82,6.71,7.27,-1.97,0.83,-2.5
1927-08-31,2.43,-0.98,-4.07,0.28,2.29,-2.05,0.96,4.84,1.25,-1.96,7.1,-3.14,-0.97
1927-09-30,4.69,-3.5,-0.67,0.21,2.39,2.44,0.2,5.12,4.43,5.96,2.43,-0.98,-4.07
1927-10-31,-4.59,2.33,-3.92,0.25,-0.28,-2.17,-5.72,-4.21,-4.34,-6.62,4.69,-3.5,-0.67
1927-11-30,6.87,2.43,-0.94,0.21,10.7,7.72,9.89,7.7,6.7,6.63,-4.59,2.33,-3.92
1927-12-31,2.48,0.54,-1.43,0.22,5.21,2.85,2.24,3.37,1.82,3.48,6.87,2.43,-0.94
1928-01-31,-0.78,4.36,-0.77,0.25,3.29,3.01,3.43,-0.64,-0.4,-2.31,2.48,0.54,-1.43
1928-02-29,-1.66,-2.14,-0.62,0.33,-4.97,-1.89,-4.11,-0.63,-1.18,-2.73,-0.78,4.36,-0.77
1928-03-31,8.76,-0.12,-1.02,0.29,7.26,8.92,9.4,11.99,6.14,7.83,-1.66,-2.14,-0.62
1928-04-30,4.15,3.91,3.76,0.22,4.21,10.71,10.08,2.86,5.92,4.5,8.76,-0.12,-1.02
1928-05-31,1.71,2.69,-3.83,0.32,7.23,2.45,1.98,3.05,-0.1,0.64,4.15,3.91,3.76
1928-06-30,-4.96,-3.45,-0.1,0.31,-8.35,-8.38,-7.03,-3.89,-4.12,-5.42,1.71,2.69,-3.83
1928-07-31,0.61,-1.32,-0.07,0.32,-0.8,-0.87,-0.27,1.26,0.15,0.59,-4.96,-3.45,-0.1
1928-08-31,6.53,-1.32,-1.89,0.32,4.86,6.89,3.75,8.33,5.47,5.66,0.61,-1.32,-0.07
1928-09-30,2.84,1.49,1.4,0.27,4.17,3.91,6.17,3.47,2.04,4.27,6.53,-1.32,-1.89
1928-10-31,1.21,2.55,-2.99,0.41,6.62,2.99,1.29,1.14,1.61,0.5,2.84,1.49,1.4
1928-11-30,11.85,-2.45,3.17,0.38,6.53,10.63,12.27,11.38,13.43,11.97,1.21,2.55,-2.99
1928-12-31,0.24,-1,-0.06,0.06,0.02,-1.28,-0.24,0.66,0.06,0.8,11.85,-2.45,3.17
1929-01-31,4.41,-2.53,-1.87,0.34,1.14,2.26,1.44,5.74,5.01,1.69,0.24,-1,-0.06
1929-02-28,-0.43,0.76,1.33,0.36,0.04,1.34,1.48,-0.83,1.02,0.39,4.41,-2.53,-1.87
1929-03-31,-0.97,-4.4,1.09,0.34,-5.97,-3.24,-4.47,-1.74,2.31,-1.06,-0.43,0.76,1.33
1929-04-30,1.28,-0.64,0.85,0.36,-0.55,3.19,0.83,1.93,1.24,2.25,-0.97,-4.4,1.09
1929-05-31,-6.58,-6.52,1.33,0.44,-9.76,-9.14,-12.66,-6.41,-4.74,-0.86,1.28,-0.64,0.85
1929-06-30,9.53,-1.51,-2.91,0.52,6.78,9.98,6.6,12.03,9.47,6.39,-6.58,-6.52,1.33
1929-07-31,4.43,-4.39,2,0.33,0.25,-1.12,2.59,3.66,5.89,5.34,9.53,-1.51,-2.91
1929-08-31,8.07,-8.65,-0.39,0.4,-0.75,-0.39,0.16,7.05,12.53,5.37,4.43,-4.39,2
1929-09-30,-5.46,1.43,-0.89,0.35,-3.59,-4.25,-3.67,-4.66,-4.76,-6.37,8.07,-8.65,-0.39
1929-10-31,-20.07,-3.36,7.92,0.46,-20.69,-18.75,-18.78,-24.18,-13.73,-10.24,-5.46,1.43,-0.89
1929-11-30,-12.67,-2.15,5.14,0.37,-15.7,-9.93,-12.62,-14.07,-10.86,-6.88,-20.07,-3.36,7.92
1929-12-31,1.48,-4.59,0.52,0.37,-4.7,-2.47,-1.15,3.65,0.66,1.14,-12.67,-2.15,5.14
1930-01-31,5.47,4.36,-2.5,0.14,8.84,8.71,8.14,6.89,3.14,2.59,1.48,-4.59,0.52
1930-02-28,2.45,0.45,-0.25,0.3,2.96,0.69,4.1,3.19,1.67,1.55,5.47,4.36,-2.5
1930-03-31,7.25,3.52,-0.25,0.35,9.45,11.44,10.42,6.96,8.3,5.48,2.45,0.45,-0.25
1930-04-30,-2.28,-0.57,-1.67,0.21,-6.11,-1.45,-5.32,-2.31,-2.42,-6.44,7.25,3.52,-0.25
1930-05-31,-1.59,-1.96,-1.02,0.26,-3.37,-2.51,-3.22,0.43,-1.88,-1.77,-2.28,-0.57,-1.67
1930-06-30,-16.12,-3.2,2.13,0.27,-17.65,-16.2,-18.67,-17.62,-12.97,-12.34,-1.59,-1.96,-1.02
1930-07-31,3.85,0.18,-2.07,0.2,8.05,3.81,2.35,3.99,4.13,5.55,-16.12,-3.2,2.13
1930-08-31,0.31,-2.16,-0.76,0.09,-3.62,-2.02,-2.16,1.2,-0.74,-1.77,3.85,0.18,-2.07
1930-09-30,-12.79,-2.06,-4.67,0.22,-14.59,-14.51,-18.49,-12.15,-11.69,-17.59,0.31,-2.16,-0.76
1930-10-31,-8.88,-0.37,-0.99,0.09,-10.63,-8.18,-10.72,-9.57,-7.38,-11.47,-12.79,-2.06,-4.67
1930-11-30,-2.87,2.02,-3.35,0.13,-0.38,-2.15,-2.67,-1.96,-2.94,-6.37,-8.88,-0.37,-0.99
1930-12-31,-7.9,-4.84,-5.61,0.14,-10.71,-11.38,-17.66,-5.93,-9.1,-10.21,-2.87,2.02,-3.35
1931-01-31,6.18,3.75,7.33,0.15,10.33,11.18,15.71,4.84,7.01,14.13,-7.9,-4.84,-5.61
1931-02-28,10.87,2.71,1.43,0.04,13.11,11.1,16.37,13.05,6.74,12.66,6.18,3.75,7.33
1931-03-31,-6.56,3.39,-3.51,0.13,-3.92,-2.85,-6.65,-4.43,-10.44,-8.72,10.87,2.71,1.43
1931-04-30,-9.86,-4.37,-3.5,0.08,-13.21,-13.52,-17.87,-9.02,-11.1,-11.36,-6.56,3.39,-3.51
1931-05-31,-13.17,5.29,-6.57,0.09,-9.72,-8.28,-13.82,-11.31,-16.03,-20.35,-9.86,-4.37,-3.5
1931-06-30,13.73,-5.35,10.58,0.08,10.63,7.64,20,13.02,16.5,24.81,-13.17,5.29,-6.57
1931-07-31,-6.55,1.64,-3.13,0.06,-7.13,-9.68,-5.82,-4.95,-10.1,-12.52,13.73,-5.35,10.58
1931-08-31,0.37,-1.75,-1.2,0.03,-1.77,-1.07,-3.26,0.87,-1.68,-0.05,-6.55,1.64,-3.13
1931-09-30,-29,-0.07,-6.9,0.03,-27.12,-30.8,-33.63,-28.18,-27.69,-35.46,0.37,-1.75,-1.2
1931-10-31,7.82,-1.54,1.29,0.1,4.58,9.27,5.3,9.23,3.44,11.1,-29,-0.07,-6.9
1931-11-30,-9.1,5.11,-6.43,0.17,-5.73,-7.27,-9.5,-6.38,-15.98,-15.47,7.82,-1.54,1.29
1931-12-31,-13.35,-1.57,-8.17,0.12,-16.14,-16.63,-22.76,-11.33,-18.43,-21.06,-9.1,5.11,-6.43
1932-01-31,-1.59,3.67,10.92,0.23,1.23,4.84,11.53,-3.55,2.16,7.98,-13.35,-1.57,-8.17
1932-02-29,5.31,-1.52,-3.66,0.23,2.65,0.52,1.57,7.07,1.41,0.82,-1.59,3.67,10.92
1932-03-31,-11.01,1.34,-0.63,0.16,-14.08,-9.5,-11.31,-9.89,-15.1,-13.91,5.31,-1.52,-3.66
1932-04-30,-17.92,1.87,0.68,0.11,-19.5,-16.26,-16.09,-17.68,-20.06,-19.74,-11.01,1.34,-0.63
1932-05-31,-20.68,4.75,-3.42,0.06,-15.82,-24.05,-16.78,-19.62,-25.8,-25.49,-17.92,1.87,0.68
1932-06-30,-0.78,-0.19,6.1,0.02,-0.94,5.5,1.08,-1.66,-0.64,8.52,-20.68,4.75,-3.42
1932-07-31,33.47,-4.36,37.31,0.03,29.53,35.84,65.03,27.78,48.78,66.9,-0.78,-0.19,6.1
1932-08-31,36.58,16.06,27.9,0.03,57.92,52.45,82.01,30.81,50.85,62.53,33.47,-4.36,37.31
1932-09-30,-3.16,-2.51,-6.52,0.03,-2.83,-4.47,-12.73,-1.55,-6.28,-4.69,36.58,16.06,27.9
1932-10-31,-13.02,-2.6,-10.22,0.02,-15.97,-19.57,-23.61,-10.55,-17.46,-23.36,-3.16,-2.51,-6.52
1932-11-30,-5.6,1.36,-12.42,0.02,-2,-8.29,-13.1,-2.37,-8.99,-16.1,-13.02,-2.6,-10.22
1932-12-31,4.46,-9.3,-6.98,0.01,-8.39,-4.87,-11,6.97,1.03,-4.37,-5.6,1.36,-12.42
1933-01-31,1.21,-0.62,8.42,0.01,0.87,1.69,8.1,-0.05,3,9.56,4.46,-9.3,-6.98
1933-02-28,-14.98,-3.1,-2.65,-0.03,-18.59,-17.84,-21.27,-14.65,-16.49,-17.27,1.21,-0.62,8.42
1933-03-31,3.33,4.3,6.66,0.04,8.65,5.84,16.1,1.04,9.74,6.91,-14.98,-3.1,-2.65
1933-04-30,37.74,4.63,19.08,0.1,44.06,53.83,57.27,32.35,51.63,57.3,3.33,4.3,6.66
1933-05-31,21.34,38.49,15.13,0.04,65.88,63.13,71.51,16.96,26.5,41.59,37.74,4.63,19.08
1933-06-30,13.17,8.34,-1.85,0.02,32.82,22.32,18.74,11.51,15.46,21.89,21.34,38.49,15.13
1933-07-31,-9.67,-0.49,2.39,0.02,-13.16,-11.64,-7.94,-8.94,-12.97,-9.37,13.17,8.34,-1.85
1933-08-31,12.02,-5.37,2.78,0.03,10.51,10.08,8.21,10.54,15.99,18.39,-9.67,-0.49,2.39
1933-09-30,-10.57,-0.14,-12.59,0.02,-7.14,-13.47,-21.17,-9.06,-12.1,-20.2,12.02,-5.37,2.78
1933-10-31,-8.31,0.01,-8.73,0.01,-8.35,-12.42,-13.96,-6.13,-10.66,-17.97,-10.57,-0.14,-12.59
1933-11-30,9.95,-6.21,1.89,0.02,5.34,4.57,6.11,9.59,12.45,12.61,-8.31,0.01,-8.73
1933-12-31,2.04,0.05,-1.89,0.02,4.77,2.85,0.15,2.32,2.14,3.17,9.95,-6.21,1.89
1934-01-31,12.91,12.09,16.18,0.05,20.54,29.71,38.19,10.52,16.42,25.23,2.04,0.05,-1.89
1934-02-28,-2.41,5.05,2.78,0.02,-0.64,0.63,6.21,-2.19,-3.27,-3.48,12.91,12.09,16.18
1934-03-31,0.15,2.45,-3.49,0.02,5.12,1.75,-0.6,0.06,0.07,-1.2,-2.41,5.05,2.78
1934-04-30,-1.76,2.82,-4.75,0.01,3.67,-1.33,-2.66,-1.71,-2.21,-4.88,0.15,2.45,-3.49
1934-05-31,-7.14,-0.35,-6.34,0.01,-7.7,-9.93,-12.27,-6.21,-8.32,-14.31,-1.76,2.82,-4.75
1934-06-30,2.62,-2.42,-2.67,0.01,3.62,-0.26,-2.38,2.61,2.38,3.26,-7.14,-0.35,-6.34
1934-07-31,-10.9,-6.76,-10.61,0.01,-18.3,-20.69,-24.57,-8.21,-11.9,-23.15,2.62,-2.42,-2.67
1934-08-31,5.83,5.27,-0.69,0.01,12.07,8.86,11.52,6.56,4.35,5.72,-10.9,-6.76,-10.61
1934-09-30,-0.3,-1.53,-0.49,0.01,-2.15,0.43,-3.48,-0.39,-0.17,-0.05,5.83,5.27,-0.69
1934-10-31,-1.73,1.48,-4.9,0.01,-1.07,-1.44,-3.92,-0.58,-2.76,-7.53,-0.3,-1.53,-0.49
1934-11-30,8.51,7.41,-3.34,0.01,20.09,15.42,12.95,10.39,5.01,10.85,-1.73,1.48,-4.9
1934-12-31,0.35,3.03,-2.43,0.01,3.97,1.98,2.06,0.71,0.47,-2.25,8.51,7.41,-3.34
1935-01-31,-3.38,0.51,-1.56,0.01,-6.74,-3.2,-3.52,-2.83,-2.99,-9.17,0.35,3.03,-2.43
1935-02-28,-1.9,0.55,-7.27,0.02,-3.77,-4.21,-6.06,-0.85,-1.73,-13.11,-3.38,0.51,-1.56
1935-03-31,-3.75,-3.38,-5.37,0.01,-5.6,-7.37,-11.52,-3.11,-3.3,-7.93,-1.9,0.55,-7.27
1935-04-30,8.92,-1.7,4.56,0.01,6.76,8.42,10.61,7.84,9.95,13.11,-3.75,-3.38,-5.37
1935-05-31,3.53,-3.7,2.34,0.01,-2.28,1.32,1.59,3.26,4.4,4.06,8.92,-1.7,4.56
1935-06-30,5.69,-5.38,3,0.01,-3.39,6.52,0.34,5.82,5.72,8.09,3.53,-3.7,2.34
1935-07-31,7.44,1.82,6.56,0.01,10.03,12.93,12.86,6.93,6.23,17.21,5.69,-5.38,3
1935-08-31,2.61,6.75,6.41,0.01,3.66,9.03,15.63,2.5,2.24,3.35,7.44,1.82,6.56
1935-09-30,2.63,0.87,-5.1,0.01,5.67,5.85,-1.94,4.43,0.7,1.84,2.61,6.75,6.41
1935-10-31,7.21,3.09,-1.83,0.01,10.62,10.87,8.34,6.98,8,5.6,2.63,0.87,-5.1
1935-11-30,4.8,4.41,12.27,0.02,6.83,9.75,19.69,2.88,5.62,14.56,7.21,3.09,-1.83
1935-12-31,4.5,0.64,0.53,0.01,7.16,9.78,2.53,2.97,5.91,8.67,4.8,4.41,12.27
1936-01-31,6.57,6.11,10.89,0.01,10.74,8.58,23.29,2.78,9.48,12.01,4.5,0.64,0.53
1936-02-29,2.51,0.96,3.85,0.01,3.36,6.28,5.45,1.93,2.74,7.54,6.57,6.11,10.89
1936-03-31,1.11,0.79,-1.39,0.02,-0.26,2.82,1.25,2.81,0.1,-1.48,2.51,0.96,3.85
1936-04-30,-8.07,-6.33,-2.36,0.02,-14.65,-13.7,-15.86,-6.72,-8.28,-10.22,1.11,0.79,-1.39
1936-05-31,5.01,0.76,2.75,0.02,5.01,4.98,8.67,4.71,5.11,6.55,-8.07,-6.33,-2.36
1936-06-30,2.5,-3.03,-0.84,0.03,-2.76,0.8,-1.06,3.6,2.27,0.21,5.01,0.76,2.75
1936-07-31,6.56,1.62,2.92,0.01,10.22,7.76,10.48,5.64,6.73,11.23,2.5,-3.03,-0.84
1936-08-31,0.98,0.59,3.93,0.02,0.14,2.54,4.38,0.34,0.98,3.96,6.56,1.62,2.92
1936-09-30,1.23,2.87,0.61,0.01,2.49,5.04,4.3,1.48,0.84,0.89,0.98,0.59,3.93
1936-10-31,7.04,-2.17,2.31,0.02,4.06,6.33,6.63,6.26,8.98,8.3,1.23,2.87,0.61
1936-11-30,3.36,8.79,-1.84,0.01,11.31,9.13,11.97,3.76,2.86,-0.58,7.04,-2.17,2.31
1936-12-31,0.13,2.99,4,0,2.13,3.35,5.78,-2.15,2.24,2.2,3.36,8.79,-1.84
1937-01-31,3.28,4.05,2.67,0.01,7.28,7.07,9.56,3.62,1.46,6.67,0.13,2.99,4
1937-02-28,1.07,1.19,6.13,0.02,3.34,2.08,6.92,-0.24,0.57,8.45,3.28,4.05,2.67
1937-03-31,-0.33,-2.52,6.5,0.01,-3.36,0.02,0.8,-1.79,-0.25,7.05,1.07,1.19,6.13
1937-04-30,-7.27,-3.55,-4.13,0.03,-9.63,-11.45,-13.48,-6.7,-6.11,-11.11,-0.33,-2.52,6.5
1937-05-31,-0.98,-0.51,-3.75,0.06,0.32,-0.98,-4.68,-0.25,-0.8,-2.75,-7.27,-3.55,-4.13
1937-06-30,-4.2,-3.61,-3.32,0.03,-7.4,-7.44,-10.57,-4.16,-2.81,-7.62,-0.98,-0.51,-3.75
1937-07-31,8.85,1.11,0.84,0.03,10.84,10.16,10.44,9.01,8.02,11.09,-4.2,-3.61,-3.32
1937-08-31,-4.9,0.55,-2.33,0.02,-4.45,-5.23,-5.56,-4.38,-4.57,-7.93,8.85,1.11,0.84
1937-09-30,-13.5,-7.04,-4.27,0.04,-20.68,-20.58,-23.08,-12.11,-12.87,-18.24,-4.9,0.55,-2.33
1937-10-31,-9.52,0.41,-1.37,0.02,-11.19,-9.75,-9.72,-10.02,-7.65,-14.23,-13.5,-7.04,-4.27
1937-11-30,-8.37,-3.66,0.06,0.02,-11.87,-11.91,-12.12,-8.85,-7.59,-8.47,-9.52,0.41,-1.37
1937-12-31,-4.2,-7.87,-1.31,0,-13.82,-10.69,-13.06,-3.75,-3.08,-7.12,-8.37,-3.66,0.06
1938-01-31,0.59,5.17,-1.59,0,4.97,6.87,4.01,1.34,-0.13,-0.88,-4.2,-7.87,-1.31
1938-02-28,5.82,0.69,-2.17,0,8.79,5.94,4.66,5.92,5.68,5.71,0.59,5.17,-1.59
1938-03-31,-23.7,-4.3,-3.79,-0.01,-29.96,-28.45,-30.39,-23.11,-22.51,-30.26,5.82,0.69,-2.17
1938-04-30,14.5,6.41,0.49,0.01,21.86,20.47,20.42,13.34,14.42,15.76,-23.7,-4.3,-3.79
1938-05-31,-3.86,-2.64,-0.01,0,-7.27,-7.79,-5.68,-3.76,-3.67,-5.38,14.5,6.41,0.49
1938-06-30,23.73,4.52,0.16,0,31.41,29.88,28.07,25.59,20.97,29.24,-3.86,-2.64,-0.01
1938-07-31,7.34,6.83,1.42,-0.01,13.88,14.38,15.02,6.82,7.44,8.53,23.73,4.52,0.16
1938-08-31,-2.7,-2.52,-4.27,0,-5.12,-5.23,-9.1,-0.58,-6.15,-5.14,7.34,6.83,1.42
1938-09-30,0.76,-2.83,-1.23,0.02,-2.07,-2.34,-2.79,1.26,0.52,-0.48,-2.7,-2.52,-4.27
1938-10-31,7.77,5.65,5.27,0.01,14,15.33,16.36,6.79,6.98,14.97,0.76,-2.83,-1.23
1938-11-30,-1.74,-2.49,-1.36,-0.06,-5.69,-1.99,-6.29,-1.1,-2.17,-3.22,7.77,5.65,5.27
1938-12-31,4.11,-1.48,0.8,0,5.33,4.4,1.86,3.23,4.49,8.3,-1.74,-2.49,-1.36
1939-01-31,-5.88,-1.93,-3.36,-0.01,-7.79,-9.37,-9.9,-5.17,-6.31,-9.79,4.11,-1.48,0.8
1939-02-28,3.48,0.56,3.36,0.01,3.5,5.11,6.41,3.31,2.9,7.13,-5.88,-1.93,-3.36
1939-03-31,-11.9,-5.46,-7.86,-0.01,-18.22,-18.93,-23.14,-9.77,-13.54,-20.58,3.48,0.56,3.36
1939-04-30,-0.2,1.56,0.24,0,-0.44,0.17,2.26,-0.17,-0.11,-2.4,-11.9,-5.46,-7.86
1939-05-31,6.79,3.01,0.09,0.01,11.41,9.4,9.53,6.91,5.45,8.96,-0.2,1.56,0.24
1939-06-30,-5.26,-1.54,-5.4,0.01,-6.78,-8.31,-11.19,-4.41,-6.45,-10.8,6.79,3.01,0.09
1939-07-31,10.23,4.17,0.42,0,15.73,16.33,13.96,11.18,8.54,13.79,-5.26,-1.54,-5.4
1939-08-31,-6.6,-4.67,-2.51,-0.01,-12.43,-11.84,-12.71,-6.11,-6.01,-10.85,10.23,4.17,0.42
1939-09-30,16.72,19.98,22.26,0.01,37.01,39.84,53.87,13.12,16.88,40.78,-6.6,-4.67,-2.51
1939-10-31,-0.47,0.05,-4.87,0,0.57,-0.74,-4.67,0.17,-0.84,-4.32,16.72,19.98,22.26
1939-11-30,-3.61,-4.85,-6.22,0,-7.98,-9.28,-13.28,-2.57,-3.7,-9.72,-0.47,0.05,-4.87
1939-12-31,3.1,0.57,-4.17,0,5.96,2.61,0.24,3.67,2.4,1.05,-3.61,-4.85,-6.22
1940-01-31,-2.39,0.15,-0.63,0,-4.48,-2.25,-2.65,-2.1,-2.52,-5.2,3.1,0.57,-4.17
1940-02-29,1.34,2.4,-0.44,0,4.24,3.99,2.9,1.01,1.46,1.47,-2.39,0.15,-0.63
1940-03-31,2.07,1.26,-1.26,0,4.71,2.93,2.31,2.4,1.5,2.28,1.34,2.4,-0.44
1940-04-30,0.24,3.81,-0.01,0,4.42,3.2,4.15,0.06,-0.01,0.3,2.07,1.26,-1.26
1940-05-31,-21.88,-6.39,-4.18,-0.02,-26.93,-27.33,-32.43,-21.88,-20.89,-24.74,0.24,3.81,-0.01
1940-06-30,6.63,-2.4,4.96,0,3.61,5,7.93,4.92,8.29,10.52,-21.88,-6.39,-4.18
1940-07-31,3.21,1.29,-1,0.01,5.28,4.84,3.46,3.42,3.06,3.23,6.63,-2.4,4.96
1940-08-31,2.18,0.19,0.29,-0.01,2.94,3.16,1.99,2.15,1.73,3.66,3.21,1.29,-1
1940-09-30,2.39,3.47,-1.67,0,6.08,4.86,4.82,3.12,1.2,1.03,2.18,0.19,0.29
1940-10-31,3,-0.21,4.5,0,3.62,6.16,5.15,0.94,6.2,8.42,2.39,3.47,-1.67
1940-11-30,-1.58,1.62,0.69,0,0.2,0.62,0.27,-1.87,-1.33,-0.56,3,-0.21,4.5
1940-12-31,0.7,-2.11,-1.21,0,-0.44,-1.04,-2.78,0.6,0.94,0.53,-1.58,1.62,0.69
1941-01-31,-4.12,1.04,3.91,-0.01,-4.49,-2.91,0.1,-4.93,-3.81,-1.7,0.7,-2.11,-1.21
1941-02-28,-1.55,-1.44,1.26,-0.01,-3.68,-1.73,-2.59,-1.85,-1.41,-0.42,-4.12,1.04,3.91
1941-03-31,0.83,0.23,3.12,0.01,0.28,1.39,3.93,0.52,1.28,3.1,-1.55,-1.44,1.26
1941-04-30,-5.37,-1.92,3.5,-0.01,-7.77,-5.65,-5.16,-6.3,-4.61,-1.91,0.83,0.23,3.12
1941-05-31,1.46,-0.78,0.3,0,1.57,1.05,1.01,1.09,2.65,2.24,-5.37,-1.92,3.5
1941-06-30,5.85,1.55,0.38,0,4.69,6.35,8.52,6.22,5.56,3.14,1.46,-0.78,0.3
1941-07-31,5.91,5.92,7.6,0.03,10.53,10.81,18.89,3.82,7.99,10.67,5.85,1.55,0.38
1941-08-31,-0.11,-0.62,-1.15,0.01,-1.25,-1.99,-0.75,0.82,-0.99,-1.97,5.91,5.92,7.6
1941-09-30,-0.89,-1.11,0.02,0.01,-3.19,-1.8,-1.94,-0.06,-2.28,-1.26,-0.11,-0.62,-1.15
1941-10-31,-5.16,-2.27,1.62,0,-5.91,-6.34,-6.22,-5.89,-3.43,-2.33,-0.89,-1.11,0.02
1941-11-30,-1.82,-1.34,-0.45,0,-1.22,-3.54,-3.17,-2.08,-0.8,-1.04,-5.16,-2.27,1.62
1941-12-31,-4.83,-3.08,-5.86,0.01,-5.69,-8.7,-12.55,-4.54,-3.76,-9.39,-1.82,-1.34,-0.45
1942-01-31,0.67,7.67,10.24,0.02,7.03,10.3,14.97,-1.99,0.72,10.55,-4.83,-3.08,-5.86
1942-02-28,-2.47,1.69,-1.14,0.01,0.62,-0.89,-1.94,-2.35,-2.86,-2.06,0.67,7.67,10.24
1942-03-31,-6.63,1.65,-0.39,0.01,-5,-3.37,-6,-5.97,-7.59,-5.76,-2.47,1.69,-1.14
1942-04-30,-4.35,-0.66,1.97,0.01,-6.37,-3.81,-3.83,-4.55,-4.33,-3.15,-6.63,1.65,-0.39
1942-05-31,5.96,-2.95,-3.02,0.03,0.32,2.63,1.2,7.45,5.03,0.53,-4.35,-0.66,1.97
1942-06-30,2.67,-1.02,0.41,0.02,1.07,1.52,2.47,3,2.68,2.42,5.96,-2.95,-3.02
1942-07-31,3.46,-0.26,2.39,0.03,5.08,3.83,4.87,2.63,4.32,7.62,2.67,-1.02,0.41
1942-08-31,1.84,-0.27,1.42,0.03,1.96,2.48,2.44,1.79,1.75,4.16,3.46,-0.26,2.39
1942-09-30,2.55,0.58,2.61,0.03,1.95,2.68,6.05,2.5,2.83,3.61,1.84,-0.27,1.42
1942-10-31,6.74,1.93,6.6,0.03,8.37,7.96,14.65,5.21,7.87,12.13,2.55,0.58,2.61
1942-11-30,0.21,-1.5,-4.32,0.03,-1.06,-2.37,-4.1,1.16,0.25,-4.44,6.74,1.93,6.6
1942-12-31,5.04,-2.32,0.75,0.03,2.76,3.78,3.11,4.76,5.94,5.91,0.21,-1.5,-4.32
1943-01-31,7.16,8.68,7.6,0.03,12.23,13.82,23.16,5.43,8.04,9.71,5.04,-2.32,0.75
1943-02-28,6.12,4.88,6.32,0.03,10.95,9.47,17.18,4.79,6.98,11.19,7.16,8.68,7.6
1943-03-31,6.1,5.17,5.31,0.03,11.29,11.35,15.3,4.34,7.14,10.95,6.12,4.88,6.32
1943-04-30,0.79,2.04,5.82,0.03,-1,2.73,8,-0.14,1.27,2.49,6.1,5.17,5.31
1943-05-31,5.76,4.42,3.02,0.03,9.03,9.18,13.01,5.1,5.7,7.15,0.79,2.04,5.82
1943-06-30,1.77,-0.98,-0.63,0.03,-0.35,0.89,0.52,2.07,1.97,-0.06,5.76,4.42,3.02
1943-07-31,-4.69,-2.41,-2.28,0.03,-5.35,-6.65,-9.02,-4.59,-3.71,-5.48,1.77,-0.98,-0.63
1943-08-31,1.26,-0.61,-0.58,0.03,0.56,0.04,0.55,1.42,1.3,0.28,-4.69,-2.41,-2.28
1943-09-30,2.44,1.22,1.37,0.03,3.04,2.87,5.4,2.29,2.7,2.67,1.26,-0.61,-0.58
1943-10-31,-1.22,0.6,1.74,0.03,-0.7,-0.41,0.81,-1.58,-0.9,0.38,2.44,1.22,1.37
1943-11-30,-5.84,-1.65,-4.04,0.03,-7.16,-7.9,-10.53,-4.64,-6.65,-9.35,-1.22,0.6,1.74
1943-12-31,6.34,3.32,3.27,0.03,7.39,10.46,12.1,5.6,6.97,7.43,-5.84,-1.65,-4.04
1944-01-31,1.77,2.55,2.07,0.03,4.95,4.77,5.24,0.96,1.56,4.8,6.34,3.32,3.27
1944-02-29,0.39,-0.1,0.73,0.03,1.38,1.01,0.58,0.1,0.81,2.35,1.77,2.55,2.07
1944-03-31,2.44,1.72,3.31,0.02,2.16,3.59,7.55,2.15,2.61,3.37,0.39,-0.1,0.73
1944-04-30,-1.71,-1.31,-1.12,0.03,-1.95,-2.76,-4.07,-1.44,-1.85,-1.57,2.44,1.72,3.31
1944-05-31,5.1,1.57,1,0.03,5.69,7.34,6.87,4.69,5,5.49,-1.71,-1.31,-1.12
1944-06-30,5.5,4,1.81,0.03,9.25,9.86,10.45,4.96,5.21,7.39,5.1,1.57,1
1944-07-31,-1.49,0.59,-0.31,0.03,0.21,-1.09,-1.29,-1.68,-1.47,-0.8,5.5,4,1.81
1944-08-31,1.62,2.33,-1.69,0.03,5,3.81,2.03,1.52,1.22,1.11,-1.49,0.59,-0.31
1944-09-30,0,0.52,-1.17,0.02,1.59,-0.04,-0.21,0.28,-0.25,-0.25,1.62,2.33,-1.69
1944-10-31,0.17,-0.11,-0.37,0.03,0.19,0.71,-0.53,-0.06,0.84,-0.09,0,0.52,-1.17
1944-11-30,1.69,0.35,2.21,0.03,1.04,3.04,3.48,1.15,2.24,3.13,0.17,-0.11,-0.37
1944-12-31,4.09,2.18,5.83,0.02,5.96,6.95,10.5,2.62,4.52,9.73,1.69,0.35,2.21
1945-01-31,1.91,2.49,0.98,0.03,5.39,4.64,4.51,0.55,3.11,3.4,4.09,2.18,5.83
1945-02-28,6.22,1.52,4.41,0.02,6.5,8.87,10.5,5.16,6.13,10,1.91,2.49,0.98
1945-03-31,-3.85,-1.58,-1.8,0.02,-4.27,-6.42,-6.28,-3.14,-4.37,-4.72,6.22,1.52,4.41
1945-04-30,7.75,0.37,3.21,0.03,7.65,9.06,9.96,6.7,8.06,10.81,-3.85,-1.58,-1.8
1945-05-31,1.79,1.57,0.52,0.03,2.8,1.89,4.56,2.11,1.03,1.4,7.75,0.37,3.21
1945-06-30,0.33,3.08,4.63,0.02,2.89,2.06,7.28,-1.32,0.73,3.56,1.79,1.57,0.52
1945-07-31,-2.2,-1.47,-2.82,0.03,-3.03,-3.5,-5.69,-1.48,-1.86,-4.46,0.33,3.08,4.63
1945-08-31,6.19,1.51,-4.26,0.03,7.62,7.84,4.79,8.37,4.67,2.68,-2.2,-1.47,-2.82
1945-09-30,4.77,1.62,0.32,0.03,6.76,6.51,6.31,4.66,4.3,5.75,6.19,1.51,-4.26
1945-10-31,3.95,2.52,1.96,0.03,6.31,6.7,7.45,2.68,4.78,5.45,4.77,1.62,0.32
1945-11-30,5.39,4.15,4.57,0.02,9.1,9.56,11.86,2.99,5.73,9.36,3.95,2.52,1.96
1945-12-31,1.13,2.26,-2.21,0.03,4,3.32,1.67,1.53,1.24,-0.57,5.39,4.15,4.57
1946-01-31,6.24,4.01,2.35,0.03,9.54,8.54,12.79,6.26,4.89,7.7,1.13,2.26,-2.21
1946-02-28,-5.81,-0.86,-1.41,0.03,-6.31,-6.65,-7.68,-5.83,-4.95,-7.29,6.24,4.01,2.35
1946-03-31,5.98,0.31,-0.64,0.03,6.7,6.03,5.8,5.54,6.88,5.17,-5.81,-0.86,-1.41
1946-04-30,4.28,2.32,0.15,0.03,4.73,7.72,6.26,3.9,5.19,2.67,5.98,0.31,-0.64
1946-05-31,3.91,1.59,1.25,0.03,6.56,5.38,5.85,3.14,3.54,6.35,4.28,2.32,0.15
1946-06-30,-3.95,-1.5,-0.48,0.03,-4.61,-5.19,-6.02,-4.55,-2.67,-4.1,3.91,1.59,1.25
1946-07-31,-2.65,-2.07,0.18,0.03,-4.85,-3.93,-4.78,-2.65,-2.34,-2.37,-3.95,-1.5,-0.48
1946-08-31,-6.42,-1.89,0.46,0.03,-8.5,-8.11,-7.68,-6.22,-6.28,-6.14,-2.65,-2.07,0.18
1946-09-30,-10.11,-4.42,-2.04,0.03,-13.83,-13.64,-15.65,-9.54,-8.53,-11.8,-6.42,-1.89,0.46
1946-10-31,-1.47,0.14,3.62,0.03,-3.26,-0.99,0.83,-2.66,-1.69,0.5,-10.11,-4.42,-2.04
1946-11-30,-0.04,-0.35,1.15,0.03,-1.11,-0.83,1.17,-0.27,0.8,-0.25,-1.47,0.14,3.62
1946-12-31,5.03,0.07,-1.48,0.03,5.83,4.58,4.43,5.48,5.23,3.92,-0.04,-0.35,1.15
1947-01-31,1.45,1.83,-0.88,0.03,3.91,2.78,2.98,2.79,-0.56,1.95,5.03,0.07,-1.48
1947-02-28,-1.13,0.77,0.26,0.03,-1.25,-0.65,0.9,-0.16,-1.37,-1.78,1.45,1.83,-0.88
1947-03-31,-1.7,-1.5,0.57,0.03,-3.03,-3.62,-2.21,-1.82,-1.06,-1.5,-1.13,0.77,0.26
1947-04-30,-4.82,-3.93,0.84,0.03,-9.15,-7.99,-8.09,-5.19,-3.66,-4.58,-1.7,-1.5,0.57
1947-05-31,-1.02,-3.22,0.32,0.03,-5.05,-4.08,-3.64,-1.26,0.17,-2.03,-4.82,-3.93,0.84
1947-06-30,5.33,-0.4,-0.55,0.03,4.1,5.37,4.93,6.49,4.54,4.56,-1.02,-3.22,0.32
1947-07-31,4.13,1.42,2.81,0.03,5.18,6.31,7.07,3.52,3.52,7.26,5.33,-0.4,-0.55
1947-08-31,-1.76,0.31,0.15,0.03,-1.88,-1.53,-1.25,-1.9,-1.44,-2.23,4.13,1.42,2.81
1947-09-30,-0.51,1.57,1.44,0.06,0.23,0.35,2.7,-0.59,-0.66,-0.18,-1.76,0.31,0.15
1947-10-31,2.46,0.57,0.05,0.06,3.69,3.28,2.93,2.18,2.99,3.04,-0.51,1.57,1.44
1947-11-30,-1.92,-1.79,1,0.06,-4.45,-3.48,-2.64,-1.95,-1.48,-1.77,2.46,0.57,0.05
1947-12-31,2.94,-2.49,3.88,0.08,0.04,1.35,3.1,1.9,3.46,6.59,-1.92,-1.79,1
1948-01-31,-3.86,2.45,1.23,0.07,-1.72,-2.45,-0.23,-4.34,-4.03,-3.37,2.94,-2.49,3.88
1948-02-29,-4.38,-1.67,0.03,0.07,-6,-6.18,-5.88,-4.65,-3.69,-4.71,-3.86,2.45,1.23
1948-03-31,8.08,0.09,4.48,0.09,6.53,8.08,12.31,7.87,7.72,11.05,-4.38,-1.67,0.03
1948-04-30,3.61,-1.65,4.13,0.08,1.23,2.88,4.61,2.21,4.38,7.1,8.08,0.09,4.48
1948-05-31,7.33,0.89,-1.24,0.08,9.15,8.93,7.42,8.56,6.47,7.82,3.61,-1.65,4.13
1948-06-30,-0.09,-1.86,2.68,0.09,-2.71,-1.76,0.36,-0.57,0.33,1.71,7.33,0.89,-1.24
1948-07-31,-5.1,-0.34,0.11,0.08,-4.98,-5.28,-5.46,-5.04,-5.3,-4.35,-0.09,-1.86,2.68
1948-08-31,0.25,-1.1,0.24,0.09,-1.14,-0.54,-0.37,0.88,-0.21,0.59,-5.1,-0.34,0.11
1948-09-30,-2.95,-1.28,-1.8,0.04,-2.95,-4.21,-5.51,-2.67,-2.44,-3.73,0.25,-1.1,0.24
1948-10-31,5.94,-1.5,0.63,0.04,3.94,4.75,5.3,6.37,5.83,6.27,-2.95,-1.28,-1.8
1948-11-30,-9.16,-0.62,-4.5,0.04,-9.3,-9.76,-12.95,-8.03,-8.73,-13.39,5.94,-1.5,0.63
1948-12-31,3.23,-2.78,-1.8,0.04,1.26,0.08,0.16,4.79,2.76,2.3,-9.16,-0.62,-4.5
1949-01-31,0.22,1.64,1.35,0.1,1.03,1.77,2.97,0.56,-1.06,1.33,3.23,-2.78,-1.8
1949-02-28,-2.99,-1.81,-0.81,0.09,-5.38,-3.85,-5.61,-2.64,-2.73,-4.04,0.22,1.64,1.35
1949-03-31,4.03,2.32,1.52,0.1,5.98,5.46,8.21,4.23,3.41,5.04,-2.99,-1.81,-0.81
1949-04-30,-1.85,-0.97,-1.06,0.09,-1.79,-3.11,-3.34,-2.04,-0.66,-2.62,4.03,2.32,1.52
1949-05-31,-2.83,-0.84,-2.55,0.1,-3.73,-3.69,-5.13,-1.63,-3.08,-5.31,-1.85,-0.97,-1.06
1949-06-30,0.19,-0.91,-1.78,0.1,-1.33,-1.17,-1.13,1.3,0.24,-2.45,-2.83,-0.84,-2.55
1949-07-31,5.48,0.61,0.43,0.09,6.53,7.27,5.75,5.16,5.76,6.81,0.19,-0.91,-1.78
1949-08-31,2.56,0.2,-0.41,0.09,3.25,3.59,2.11,2.65,2.72,2.98,5.48,0.61,0.43
1949-09-30,3.06,1,0.18,0.09,5.41,4.15,4.04,2.62,3.64,4.35,2.56,0.2,-0.41
1949-10-31,3.08,1.05,-0.41,0.09,5.09,3.5,4.1,3.16,3.03,3.33,3.06,1,0.18
1949-11-30,1.85,-0.96,-0.88,0.08,0.52,1.03,0.2,2.96,0.16,1.52,3.08,1.05,-0.41
1949-12-31,5.11,2.09,1.66,0.09,6.96,6.51,8.78,5.29,3.88,6.8,1.85,-0.96,-0.88
1950-01-31,1.65,3.36,0.19,0.09,7.25,4.65,4.68,0.79,1.95,3.75,5.11,2.09,1.66
1950-02-28,1.41,0.1,-0.73,0.09,1.67,1.88,0.7,1.46,1.5,0.98,1.65,3.36,0.19
1950-03-31,1.2,-1.37,-2.75,0.1,2.44,-1.03,-2.01,1.8,0.94,0.76,1.41,0.1,-0.73
1950-04-30,3.9,1.9,1.37,0.09,5.79,5.37,7.31,4.27,2.98,5.5,1.2,-1.37,-2.75
1950-05-31,4.26,-2.06,0.44,0.1,1.61,2.82,3.01,4.53,5.06,4.02,3.9,1.9,1.37
1950-06-30,-5.93,-2.38,-0.76,0.1,-7.02,-7.85,-9.01,-5.45,-6.33,-4.97,4.26,-2.06,0.44
1950-07-31,1.36,0.55,13.47,0.1,1.01,3.37,11.48,-3.37,4.47,13.1,-5.93,-2.38,-0.76
1950-08-31,4.83,0.8,-1.45,0.1,4.5,5.58,5.05,6.03,4.13,2.58,1.36,0.55,13.47
1950-09-30,4.78,0.52,-0.93,0.1,5.71,4.97,4.97,5.69,3.83,4.56,4.83,0.8,-1.45
1950-10-31,-0.18,-0.52,1.42,0.12,-0.27,-0.39,0.42,-0.15,-0.5,1.99,4.78,0.52,-0.93
1950-11-30,2.7,-0.85,3.26,0.11,0.3,2.13,4.92,2.3,3.4,4.2,-0.18,-0.52,1.42
1950-12-31,5.52,1.5,7.22,0.11,5.2,7.49,12.38,3.34,6.65,10.58,2.7,-0.85,3.26
1951-01-31,5.64,1.77,3.79,0.13,6.75,6.96,10.72,5.06,5.41,8.67,5.52,1.5,7.22
1951-02-28,1.45,0.14,-2.92,0.1,1.82,1.27,-0.1,2.31,1.87,-1.61,5.64,1.77,3.79
1951-03-31,-2.14,-0.67,-4.17,0.11,-1.51,-3.29,-5.59,-0.7,-2.69,-4.97,1.45,0.14,-2.92
1951-04-30,4.81,-1.46,3.29,0.13,2.22,3.81,6.34,4.32,5.67,6.78,-2.14,-0.67,-4.17
1951-05-31,-2.35,0.05,-1.38,0.12,-1.75,-2.51,-3.33,-2.37,-1.81,-3.55,4.81,-1.46,3.29
1951-06-30,-2.61,-1.97,-3.99,0.12,-3.94,-4.71,-7.27,-2.15,-1.07,-6.79,-2.35,0.05,-1.38
1951-07-31,6.9,-1.87,1.94,0.13,5.44,5.05,6.83,6.56,7.3,9.06,-2.61,-1.97,-3.99
1951-08-31,4.28,0.84,0.21,0.13,5.55,5.56,5.06,4.18,4.36,5.1,6.9,-1.87,1.94
1951-09-30,0.71,2,0.73,0.12,2.4,2.86,3.13,0.63,0.39,1.36,4.28,0.84,0.21
1951-10-31,-2.53,-0.4,0.11,0.16,-1.96,-1.67,-3.65,-3.74,-0.48,-1.84,0.71,2,0.73
1951-11-30,0.55,-0.31,0.38,0.11,-0.16,0.8,0.59,0.82,0.52,0.83,-2.53,-0.4,0.11
1951-12-31,3.3,-2.05,-1.91,0.12,1.36,0.9,0.57,4.1,3.81,1.07,0.55,-0.31,0.38
1952-01-31,1.44,-0.74,1.87,0.15,1.4,1.83,1.56,0.49,2.45,4.06,3.3,-2.05,-1.91
1952-02-29,-2.62,0.67,-0.26,0.12,-2.3,-1.97,-1.89,-2.17,-2.91,-3.09,1.44,-0.74,1.87
1952-03-31,4.4,-2.98,2.25,0.11,1.25,2.2,3.41,4.25,4.96,6.59,-2.62,0.67,-0.26
1952-04-30,-4.95,0.39,0.26,0.12,-5.14,-4.76,-3.88,-4.54,-5.11,-5.29,4.4,-2.98,2.25
1952-05-31,3.2,-1.05,0.15,0.13,2.19,2.16,2.66,3.75,2.83,3.58,-4.95,0.39,0.26
1952-06-30,3.8,-1.6,1.19,0.15,1.67,2.84,3.34,3.82,4.3,4.53,3.2,-1.05,0.15
1952-07-31,0.92,-0.32,-0.36,0.15,1.06,1.47,0.02,1.26,0.65,1.59,3.8,-1.6,1.19
1952-08-31,-0.75,1.16,-0.12,0.15,0.21,0.9,0.18,-0.72,-0.53,-0.93,0.92,-0.32,-0.36
1952-09-30,-2.01,1.23,-1.65,0.16,0.49,-0.93,-2.05,-1.76,-1.89,-2.51,-0.75,1.16,-0.12
1952-10-31,-0.68,-1.1,-0.32,0.14,-1.03,-1.34,-2.03,-0.86,0.27,-0.5,-2.01,1.23,-1.65
1952-11-30,5.89,-0.63,1.07,0.1,5.46,5.6,6.15,6.17,5.31,7.62,-0.68,-1.1,-0.32
1952-12-31,2.94,-1.41,0.18,0.16,2.06,1.8,1.82,3.2,2.91,3.81,5.89,-0.63,1.07
1953-01-31,-0.31,3.5,1.24,0.16,3.62,3.72,3.71,-0.8,-0.25,1.6,2.94,-1.41,0.18
1953-02-28,-0.26,2.2,-0.09,0.14,1.41,2.17,1.87,-0.22,-0.08,-0.85,-0.31,3.5,1.24
1953-03-31,-1.48,-0.02,-0.99,0.18,-1.66,-1.59,-2.03,-1.12,-1.37,-2.74,-0.26,2.2,-0.09
1953-04-30,-2.8,0.31,1.49,0.16,-2.94,-2.31,-1.07,-3.04,-2.27,-1.94,-1.48,-0.02,-0.99
1953-05-31,0.55,-0.08,0.14,0.17,0.71,0.93,0.63,0.98,0.18,1.33,-2.8,0.31,1.49
1953-06-30,-1.92,-1.75,-0.48,0.18,-2.94,-3.49,-3.78,-1.79,-1.25,-1.92,0.55,-0.08,0.14
1953-07-31,2.42,-1,-0.37,0.15,0.92,1.65,1.36,2.99,2.14,1.81,-1.92,-1.75,-0.48
1953-08-31,-4.52,0.42,-3.62,0.17,-3.2,-5.41,-6.2,-4.01,-3.8,-8.26,2.42,-1,-0.37
1953-09-30,0.21,-0.77,-2.59,0.16,0.23,-0.82,-2.35,0.82,0.35,-1.79,-4.52,0.42,-3.62
1953-10-31,4.55,-1.37,0.08,0.13,2.78,3.81,3.26,4.97,4.36,4.65,0.21,-0.77,-2.59
1953-11-30,2.8,-1.22,-0.35,0.08,1.55,2.23,1.15,3.29,2.29,3,4.55,-1.37,0.08
1953-12-31,0.03,-0.75,-2.96,0.13,0.24,-1.35,-2.64,0.56,0.4,-2.47,2.8,-1.22,-0.35
1954-01-31,5.11,0.47,3.48,0.11,4.9,6.52,8.25,4.46,5.74,8.07,0.03,-0.75,-2.96
1954-02-28,1.66,-0.19,-0.24,0.07,1.03,1.58,1.4,1.59,2.25,0.74,5.11,0.47,3.48
1954-03-31,3.64,-0.5,-1.53,0.08,2.78,3.2,2.05,4.18,3.51,1.84,1.66,-0.19,-0.24
1954-04-30,4.24,-3.45,-0.5,0.09,-0.28,2.33,0.14,5.19,3.55,3.78,3.64,-0.5,-1.53
1954-05-31,3.08,0.38,2.54,0.05,3.95,4.22,5.15,2.88,2.54,6.76,4.24,-3.45,-0.5
1954-06-30,1.06,0.4,0.01,0.06,0.5,1.88,1.32,1.79,-0.27,0.98,3.08,0.38,2.54
1954-07-31,4.96,1,4.25,0.05,5.44,6.93,9.11,4.26,5.12,9.08,1.06,0.4,0.01
1954-08-31,-2.32,2.68,-1.48,0.05,-0.16,0.25,-1,-2.95,-0.92,-5.07,4.96,1,4.25
1954-09-30,6.35,-2.55,0.73,0.09,2.95,4.66,4.67,6.81,6.56,6.55,-2.32,2.68,-1.48
1954-10-31,-1.67,0.57,0.72,0.07,0.5,-0.94,-0.74,-2.31,-0.95,0.37,6.35,-2.55,0.73
1954-11-30,9.37,-2.55,4.05,0.06,7.43,9.24,9.25,9.55,8.17,15.84,-1.67,0.57,0.72
1954-12-31,5.46,2.19,5.69,0.08,7.55,9.45,11.45,4.25,5.91,11.72,9.37,-2.55,4.05
1955-01-31,0.62,0.21,2.25,0.08,1.46,1.22,2.43,0.1,0.79,3.62,5.46,2.19,5.69
1955-02-28,3,1.55,0.6,0.09,3.79,5.5,4.61,3.03,2.8,3.42,0.62,0.21,2.25
1955-03-31,-0.17,-0.66,1.97,0.1,-0.59,-0.29,0.68,-0.35,-0.22,2.32,3,1.55,0.6
1955-04-30,3.11,-1.84,0.84,0.1,1.16,1.27,2.54,4.09,1.99,4.4,-0.17,-0.66,1.97
1955-05-31,0.91,-0.22,-0.92,0.14,0.55,0.56,0.39,1.84,0.19,0.16,3.11,-1.84,0.84
1955-06-30,6.52,-4.71,2.03,0.1,1.78,3.5,3.44,6.42,7.62,8.83,0.91,-0.22,-0.92
1955-07-31,1.9,-1.32,0.62,0.1,-1.52,0.99,1.39,2.07,2.34,0.4,6.52,-4.71,2.03
1955-08-31,0.22,-0.39,0.58,0.16,-0.09,0.62,0.25,0.62,-0.12,1.45,1.9,-1.32,0.62
1955-09-30,-0.37,0.31,-1.06,0.16,-0.67,-0.55,-0.3,0.19,-0.35,-2.3,0.22,-0.39,0.58
1955-10-31,-2.67,1.49,0.02,0.18,-1.46,-0.83,-1.22,-3.08,-1.61,-3.28,-0.37,0.31,-1.06
1955-11-30,7,-2.43,0.48,0.17,6.08,4.84,5.21,7.9,5.78,9.72,-2.67,1.49,0.02
1955-12-31,1.48,2.11,-2.3,0.18,3.53,2.32,2.5,1.88,1.86,-1.7,7,-2.43,0.48
1956-01-31,-3.02,0.4,1.14,0.22,-2.43,-2.03,-1.75,-3.95,-1.09,-2.36,1.48,2.11,-2.3
1956-02-29,3.76,-1.02,-0.51,0.19,1.98,3.68,2.47,4.97,2.76,3.46,-3.02,0.4,1.14
1956-03-31,6.61,-2.27,-0.4,0.15,3.89,3.81,5.01,7.12,7.22,5.2,3.76,-1.02,-0.51
1956-04-30,0.28,0.04,-0.1,0.19,1.21,0.81,0.14,-0.05,1.29,0.81,6.61,-2.27,-0.4
1956-05-31,-5.19,1.44,-1.25,0.23,-3.65,-4,-4.54,-5.02,-4.84,-6.63,0.28,0.04,-0.1
1956-06-30,3.47,-1.42,-1.31,0.2,1.12,2.48,1.37,4.63,2.86,1.75,-5.19,1.44,-1.25
1956-07-31,4.83,-1.77,0.12,0.22,3.3,3.43,3.47,4.84,5.75,4.91,3.47,-1.42,-1.31
1956-08-31,-3.23,2.29,-1.19,0.17,0.5,-0.98,-2.09,-3.32,-3.02,-3.12,4.83,-1.77,0.12
1956-09-30,-5.14,1.63,1.75,0.18,-3.33,-3.05,-2.1,-5.95,-3.75,-3.68,-3.23,2.29,-1.19
1956-10-31,0.51,-0.11,-0.02,0.25,1.16,0.97,0.39,0.61,0.87,1.34,-5.14,1.63,1.75
1956-11-30,0.36,-0.07,1.66,0.2,-0.17,0.19,2.25,-0.3,2.19,0.6,0.51,-0.11,-0.02
1956-12-31,3.16,-0.09,-2.05,0.24,4.52,2.09,2.18,3.41,3.99,1.66,0.36,-0.07,1.66
1957-01-31,-3.57,3.65,2.44,0.27,-0.18,0.09,2.06,-4.33,-2.98,-1.69,3.16,-0.09,-2.05
1957-02-28,-2.07,-0.77,-0.64,0.24,-2.81,-3.27,-2.7,-1.7,-1.67,-3.09,-3.57,3.65,2.44
1957-03-31,2.13,0.22,-0.38,0.23,2.08,2.6,2.3,2.7,1.9,1.72,-2.07,-0.77,-0.64
1957-04-30,4.25,-1.77,-1.26,0.25,2.08,2.32,2.24,5.32,4.02,2.63,2.13,0.22,-0.38
1957-05-31,3.44,-1.08,-2.06,0.26,3.09,1.26,1.75,4.61,2.91,1.84,4.25,-1.77,-1.26
1957-06-30,-0.75,0.6,-0.09,0.24,0.23,-1.25,0.75,-0.02,-1.34,-0.73,3.44,-1.08,-2.06
1957-07-31,0.65,-0.52,-0.01,0.3,0.25,0.7,0.4,1.27,0.52,1.11,-0.75,0.6,-0.09
1957-08-31,-5.11,-0.01,-0.32,0.25,-5.21,-4.41,-5.17,-5.44,-3.18,-6.13,0.65,-0.52,-0.01
1957-09-30,-5.99,0.06,0.91,0.26,-7.13,-4.91,-5.06,-6.36,-4.29,-6.62,-5.11,-0.01,-0.32
1957-10-31,-4.3,-2.56,-1.8,0.29,-8.32,-5.65,-8.24,-3.75,-3.38,-7.41,-5.99,0.06,0.91
1957-11-30,2.28,0.33,-2.78,0.28,3.04,1.44,1.08,3.08,2.02,-0.52,-4.3,-2.56,-1.8
1957-12-31,-3.92,-0.92,-1.68,0.24,-4.56,-4.66,-5.85,-3.91,-2.39,-5.99,2.28,0.33,-2.78
1958-01-31,4.69,4.34,4.21,0.28,12,10.47,11.95,3.45,6,11.94,-3.92,-0.92,-1.68
1958-02-28,-1.51,0.72,0.24,0.12,-1.63,-0.48,-0.5,-1.8,-0.52,-2.45,4.69,4.34,4.21
1958-03-31,3.29,0.8,-1.22,0.09,5.46,3.81,3.09,3.4,3.23,3.33,-1.51,0.72,0.24
1958-04-30,3.08,-0.67,1.64,0.08,3.07,1.63,4.38,3.32,2.49,5.27,3.29,0.8,-1.22
1958-05-31,2.31,2.14,-0.19,0.11,6.31,4.26,4.23,2.04,2.65,3.73,3.08,-0.67,1.64
1958-06-30,2.93,-0.25,0.5,0.03,1.91,3.3,2.96,3.15,2.67,3.08,2.31,2.14,-0.19
1958-07-31,4.39,0.47,3.09,0.07,4.22,6.14,7.09,4.41,3.91,7.72,2.93,-0.25,0.5
1958-08-31,1.9,1.18,0.34,0.04,4.36,3.11,3.16,1.67,1.88,3.54,4.39,0.47,3.09
1958-09-30,4.66,0.12,2.99,0.19,5.51,4.31,7.92,4.73,4.36,8.29,1.9,1.18,0.34
1958-10-31,2.56,1.18,-1.3,0.18,6.95,2.85,3.07,2.71,2.63,4,4.66,0.12,2.99
1958-11-30,3,2.03,-1.27,0.11,7.68,4.22,4.04,3.31,2.13,4.42,2.56,1.18,-1.3
1958-12-31,5.13,-2.08,-0.01,0.22,2.76,3.25,3.64,4.93,6.94,4.03,3,2.03,-1.27
1959-01-31,0.72,3.01,2.97,0.21,4.47,5.16,5.65,-0.61,2.71,4.14,5.13,-2.08,-0.01
1959-02-28,0.95,1.52,1.06,0.19,2.42,3.68,2.84,0.56,1.53,2.26,0.72,3.01,2.97
1959-03-31,0.26,1.46,-0.28,0.22,1.61,1.51,1.82,0.67,-0.02,-0.1,0.95,1.52,1.06
1959-04-30,3.66,-0.57,-1.28,0.2,3.79,3.5,2.12,4.75,2.52,3.86,0.26,1.46,-0.28
1959-05-31,1.72,-2.19,1.91,0.22,-1.4,0.47,1.4,2.71,0.59,3.74,3.66,-0.57,-1.28
1959-06-30,-0.26,0.68,1.36,0.25,1.73,0.57,1.87,-0.42,0.39,2.15,1.72,-2.19,1.91
1959-07-31,3.15,-0.34,0.3,0.25,2.13,2.77,3.56,3.96,2.4,3.09,-0.26,0.68,1.36
1959-08-31,-1.39,-0.79,0.41,0.19,-1.86,-1.21,-2.03,-1.33,-1.04,-0.37,3.15,-0.34,0.3
1959-09-30,-4.8,-0.1,0.49,0.31,-5.37,-4.57,-3.98,-4.97,-3.3,-5.4,-1.39,-0.79,0.41
1959-10-31,1.27,1.42,-2.02,0.3,3.99,2.52,1.18,1.39,1.88,0.21,-4.8,-0.1,0.49
1959-11-30,1.58,1.27,-3.23,0.26,3.9,1.99,0.58,3.01,-0.19,-0.2,1.27,1.42,-2.02
1959-12-31,2.45,-0.58,-0.05,0.34,3.51,2.44,2.08,2.96,2.56,4.26,1.58,1.27,-3.23
1960-01-31,-6.99,2.04,2.7,0.33,-5.82,-3.19,-3.03,-8.19,-4.43,-5.59,2.45,-0.58,-0.05
1960-02-29,1.14,0.56,-1.95,0.29,2.04,1.42,0.55,1.35,2.12,-1.15,-6.99,2.04,2.7
1960-03-31,-1.64,-0.46,-2.85,0.35,-2.23,-2.55,-3.71,-0.89,-1.07,-5.14,1.14,0.56,-1.95
1960-04-30,-1.71,0.39,-2.32,0.19,0.16,-2.19,-2.91,-1.53,-1.4,-3.18,-1.64,-0.46,-2.85
1960-05-31,3.11,1.27,-3.71,0.27,5.23,1.77,2.48,4.3,1.76,-0.37,-1.71,0.39,-2.32
1960-06-30,2.1,-0.18,-0.32,0.24,2.37,2.42,1.71,2.74,1.49,2.76,3.11,1.27,-3.71
1960-07-31,-2.37,-0.53,2.09,0.13,-3.36,-1.78,-1.46,-3.52,-0.21,-1.27,2.1,-0.18,-0.32
1960-08-31,3.01,0.82,-0.18,0.17,4.17,3.44,4.11,2.73,4.16,2.35,-2.37,-0.53,2.09
1960-09-30,-5.99,-1.17,1.53,0.16,-7.74,-5.85,-6.19,-6.74,-4.33,-5.18,3.01,0.82,-0.18
1960-10-31,-0.72,-3.97,2.62,0.22,-6.47,-2.49,-2.73,-0.66,0.02,0.85,-5.99,-1.17,1.53
1960-11-30,4.68,0.37,-2.35,0.13,6.47,4.94,3.1,5.41,3.98,4.05,-0.72,-3.97,2.62
1960-12-31,4.7,-1.54,-0.74,0.16,4.11,3.49,2.48,3.56,7.38,3.76,4.68,0.37,-2.35
1961-01-31,6.19,0.77,3.81,0.19,7.38,7.88,9.83,4.86,7.83,10.02,4.7,-1.54,-0.74
1961-02-28,3.57,3.99,-0.78,0.14,8,6.31,7.45,4.02,2.6,3.17,6.19,0.77,3.81
1961-03-31,2.89,3.22,-0.71,0.2,7.32,4.86,5.93,2.2,4,2.23,3.57,3.99,-0.78
1961-04-30,0.3,0.08,1.99,0.17,0.99,0.37,2.19,-0.31,1.15,2.46,2.89,3.22,-0.71
1961-05-31,2.39,1.96,0.59,0.18,3.47,4.99,4.92,3.17,1.51,2.84,0.3,0.08,1.99
1961-06-30,-3.08,-2.47,-0.27,0.2,-5.81,-4.55,-5.56,-2.28,-3.22,-3,2.39,1.96,0.59
1961-07-31,2.83,-1.89,-0.11,0.18,-0.45,1.25,1.32,3.11,3.58,1.11,-3.08,-2.47,-0.27
1961-08-31,2.58,-1.83,-0.22,0.14,0.62,0.34,1.07,3.2,2,2.32,2.83,-1.89,-0.11
1961-09-30,-2.15,-1.12,-0.51,0.17,-4.92,-3.15,-3.28,-1.14,-3.09,-3.78,2.58,-1.83,-0.22
1961-10-31,2.58,-2.01,0.54,0.19,-0.09,3.28,0.16,2.3,3.96,3.13,-2.15,-1.12,-0.51
1961-11-30,4.45,1.08,-0.87,0.15,5.88,5.79,4.78,4.89,4.07,4.24,2.58,-2.01,0.54
1961-12-31,-0.18,-1.14,2.16,0.19,-2.04,0.25,0.29,-0.2,0.34,1.79,4.45,1.08,-0.87
1962-01-31,-3.88,1.88,5.04,0.24,-2.39,-0.83,2.3,-5.02,-1.89,0.36,-0.18,-1.14,2.16
1962-02-28,1.81,-1.18,0.89,0.2,0.63,0.78,1.78,1.85,2.39,2.49,-3.88,1.88,5.04
1962-03-31,-0.68,0.23,-0.96,0.2,-0.45,-1.15,-0.54,-0.34,-0.32,-2.17,1.81,-1.18,0.89
1962-04-30,-6.59,-0.98,0.43,0.22,-7.22,-7.23,-6.87,-6.62,-5.65,-6.12,-0.68,0.23,-0.96
1962-05-31,-8.65,-2.99,2.37,0.24,-11.33,-10.34,-9.44,-9.08,-6.87,-6.22,-6.59,-0.98,0.43
1962-06-30,-8.48,-0.76,2.81,0.2,-10.29,-7.52,-7.04,-9.02,-6.91,-6.65,-8.65,-2.99,2.37
1962-07-31,6.28,1.55,-3.6,0.27,9.2,5.86,6.46,8.05,5.23,3.59,-8.48,-0.76,2.81
1962-08-31,2.13,1.28,-1.22,0.23,4.65,3.5,2.51,2.74,1.65,2.45,6.28,1.55,-3.6
1962-09-30,-5.22,-2.51,1.38,0.21,-8.34,-7.03,-6.22,-5.04,-4.62,-4.4,2.13,1.28,-1.22
1962-10-31,-0.06,-4,1.37,0.26,-5.05,-3.28,-2.04,0.59,0.72,0.32,-5.22,-2.51,1.38
1962-11-30,10.87,2.65,0.94,0.2,15.13,13.48,14.46,11.3,9.97,13.85,-0.06,-4,1.37
1962-12-31,1.02,-3.76,0.34,0.23,-3.56,-1.39,-2.16,1.53,1.83,0.8,10.87,2.65,0.94
1963-01-31,4.93,3.09,2.27,0.25,7.7,8.06,9.98,4.95,4.3,7.22,1.02,-3.76,0.34
1963-02-28,-2.38,0.41,2.26,0.23,-2.75,-1.49,-0.08,-2.79,-1.82,-0.95,4.93,3.09,2.27
1963-03-31,3.08,-2.52,2,0.23,0.23,1.66,2.48,3.42,3.32,5.18,-2.38,0.41,2.26
1963-04-30,4.51,-1.33,1.02,0.25,3.64,2.76,4.87,4.94,4.56,5.75,3.08,-2.52,2
1963-05-31,1.76,1.14,2.51,0.24,1.82,3.21,5.48,2.31,1.11,3.67,4.51,-1.33,1.02
1963-06-30,-2,-0.25,0.78,0.23,-1.34,-1.99,-1.66,-2.34,-1.45,-0.45,1.76,1.14,2.51
1963-07-31,-0.39,-0.55,-0.82,0.27,-1.08,-0.62,-1.14,-0.03,0.45,-1.6,-2,-0.25,0.78
1963-08-31,5.07,-0.97,1.63,0.25,4.45,4.37,5.74,5.4,4.69,7.38,-0.39,-0.55,-0.82
1963-09-30,-1.56,-0.32,0.19,0.27,-3.07,-0.55,-1.93,-1.05,-1.73,-1.81,5.07,-0.97,1.63
1963-10-31,2.54,-0.53,-0.11,0.29,1.16,1.71,2.71,3.86,1.26,2.08,-1.56,-0.32,0.19
1963-11-30,-0.85,-1.11,1.66,0.27,-2.87,-1.26,-0.33,-0.25,-1.43,0.54,2.54,-0.53,-0.11
1963-12-31,1.83,-1.96,-0.11,0.29,0.35,0.5,0.27,2.05,3.04,1.92,-0.85,-1.11,1.66
1964-01-31,2.24,-0.18,1.64,0.3,0.77,2.71,4.04,2.68,2.68,2.69,1.83,-1.96,-0.11
1964-02-29,1.55,0.09,2.83,0.26,1.58,2.13,4.15,1.42,1.68,4.5,2.24,-0.18,1.64
1964-03-31,1.41,0.99,3.36,0.31,0.61,4.08,5.25,0.92,3.02,3.01,1.55,0.09,2.83
1964-04-30,0.11,-1.41,-0.42,0.29,-1.69,-0.31,-1.44,0.42,1.06,-0.68,1.41,0.99,3.36
1964-05-31,1.41,-0.88,1.88,0.26,0.92,1.07,2.15,1.54,1.18,4.07,0.11,-1.41,-0.42
1964-06-30,1.27,-0.3,0.72,0.3,1.31,1.26,1.96,1.67,1.29,2.45,1.41,-0.88,1.88
1964-07-31,1.74,0.23,0.7,0.3,1.56,2.92,2.65,1.91,2.31,2.22,1.27,-0.3,0.72
1964-08-31,-1.44,0.09,0.12,0.28,-1.52,-0.38,-1.22,-1.23,-0.86,-1.29,1.74,0.23,0.7
1964-09-30,2.69,-0.52,1.65,0.28,3.47,2.8,3.6,2.34,3.56,5.51,-1.44,0.09,0.12
1964-10-31,0.59,0.45,1.14,0.29,1.05,1.37,2.3,0.29,1.77,1.32,2.69,-0.52,1.65
1964-11-30,0,0.61,-1.96,0.29,-0.14,-0.35,0.09,0.5,0.94,-3.65,0.59,0.45,1.14
1964-12-31,0.03,-0.24,-2.58,0.31,0.46,-0.84,-1.54,1.12,-0.3,-2.03,0,0.61,-1.96
1965-01-31,3.55,2.67,0.2,0.28,6.89,5.93,6.62,3.95,2.85,4.62,0.03,-0.24,-2.58
1965-02-28,0.44,3.48,0.19,0.3,3.68,3.4,4.33,0.57,0.09,0.3,3.55,2.67,0.2
1965-03-31,-1.34,1.77,1.07,0.36,0.92,0.55,1.51,-1.16,-1.6,0.39,0.44,3.48,0.19
1965-04-30,3.11,1.19,0.7,0.31,3,4.42,5.34,3.82,2.49,2.87,-1.34,1.77,1.07
1965-05-31,-0.77,0.04,-1.62,0.31,-0.07,-0.94,-1.34,-0.27,0.06,-2.23,3.11,1.19,0.7
1965-06-30,-5.5,-4.35,0.58,0.35,-9.95,-8.81,-8.59,-4.57,-4.95,-4.78,-0.77,0.04,-1.62
1965-07-31,1.43,0.86,2.22,0.31,2.55,3.01,4.14,1.34,1.62,4.17,-5.5,-4.35,0.58
1965-08-31,2.73,2.84,-1.07,0.33,6.74,4.98,5.05,2.94,2.82,2.49,1.43,0.86,2.22
1965-09-30,2.86,0.62,-0.11,0.31,3.88,3.78,3.84,3.8,2.23,3.62,2.73,2.84,-1.07
1965-10-31,2.6,2.43,1.6,0.31,5.97,5.35,6.37,2.84,1.91,5.64,2.86,0.62,-0.11
1965-11-30,-0.03,4.67,0.23,0.35,4.02,4.86,4.73,-0.01,-0.15,-0.27,2.6,2.43,1.6
1965-12-31,1.01,2.07,2.08,0.33,3.87,3.45,4.75,0.84,0.89,4.13,-0.03,4.67,0.23
1966-01-31,0.71,3.84,3.57,0.38,4.3,5.52,6.99,-0.2,1.2,4.24,1.01,2.07,2.08
1966-02-28,-1.22,4.45,0.36,0.35,3.68,3.22,3.41,-1.6,-0.82,-0.62,0.71,3.84,3.57
1966-03-31,-2.51,0.96,-2.05,0.38,-0.45,-2.9,-2.04,-1.54,-2.66,-4.04,-1.22,4.45,0.36
1966-04-30,2.14,3.42,-0.45,0.34,5.68,4.7,5.66,2.41,1.81,1.53,-2.51,0.96,-2.05
1966-05-31,-5.66,-4.64,-1.65,0.41,-9.96,-9.97,-10.36,-4.19,-5.05,-7.1,2.14,3.42,-0.45
1966-06-30,-1.45,1.06,0.49,0.38,0.82,0.12,-0.04,-2.02,-0.07,-0.18,-5.66,-4.64,-1.65
1966-07-31,-1.62,-0.32,0.82,0.35,-1.96,-1.64,-0.76,-1.61,-0.6,-1.17,-1.45,1.06,0.49
1966-08-31,-7.91,-3.31,0.56,0.41,-11.34,-9.8,-10.46,-7.65,-6.59,-7.41,-1.62,-0.32,0.82
1966-09-30,-1.06,-1.1,0.5,0.4,-2.01,-1.01,-1.53,-0.98,0.19,-0.47,-7.91,-3.31,0.56
1966-10-31,3.86,-6.59,2.81,0.45,-3.76,-0.12,-0.14,3.24,7.26,5.24,-1.06,-1.1,0.5
1966-11-30,1.39,4.33,-4.6,0.4,7.56,4.82,2.69,3.73,-1.03,-0.6,3.86,-6.59,2.81
1966-12-31,0.13,1.86,-1.29,0.4,3.48,2.65,0.5,-0.37,1.4,0.03,1.39,4.33,-4.6
1967-01-31,8.15,8.43,2.03,0.43,18.09,16.28,17.64,7.92,6.36,12.43,0.13,1.86,-1.29
1967-02-28,0.77,3.37,-2.26,0.36,4.74,2.9,3.18,2.02,-0.36,-0.94,8.15,8.43,2.03
1967-03-31,3.99,1.74,0.19,0.39,6.04,6.57,5.67,4.27,3.76,5.02,0.77,3.37,-2.26
1967-04-30,3.89,0.58,-2.54,0.32,5.49,3.96,3.22,5.99,1.8,3.16,3.99,1.74,0.19
1967-05-31,-4.32,1.99,0.89,0.33,-1.65,-0.94,-2.41,-5,-3.55,-2.45,3.89,0.58,-2.54
1967-06-30,2.41,5.99,0.95,0.27,9.44,8.18,8.32,1.42,2.09,4.43,-4.32,1.99,0.89
1967-07-31,4.58,3.09,2.66,0.32,7.22,7.52,10.18,4.91,3.48,7.26,2.41,5.99,0.95
1967-08-31,-0.89,0.48,1.48,0.31,-0.45,0.79,0.58,-0.75,-0.91,1.15,4.58,3.09,2.66
1967-09-30,3.11,3.08,-2.46,0.32,6.86,5.26,4.69,3.81,2.69,1.05,-0.89,0.48,1.48
1967-10-31,-3.09,1.44,-3.37,0.39,-0.78,-2.29,-3.48,-1.5,-3.76,-5.56,3.11,3.08,-2.46
1967-11-30,0.36,0.2,-1.7,0.36,1.29,1.36,-0.85,1.09,0.29,-0.18,-3.09,1.44,-3.37
1967-12-31,3.06,5.73,-0.41,0.33,10.89,7.48,8.23,2.15,3.24,4.04,0.36,0.2,-1.7
1968-01-31,-4.05,3.9,4.79,0.4,-1.4,0.78,3.42,-6.19,-1.23,-1.48,3.06,5.73,-0.41
1968-02-29,-3.75,-2.94,1.16,0.39,-7.37,-5.1,-5.08,-3.31,-2.1,-3.31,-4.05,3.9,4.79
1968-03-31,0.2,-1.28,-0.53,0.38,-0.79,-1.07,-0.51,1.83,-0.72,0.38,-3.75,-2.94,1.16
1968-04-30,9.04,5.73,-1.02,0.43,17.16,14.32,13.33,10.22,5.38,12,0.2,-1.28,-0.53
1968-05-31,2.27,6.42,0.82,0.45,9.79,8.21,8.89,2.45,0.15,5.04,9.04,5.73,-1.02
1968-06-30,0.69,-0.16,0.71,0.43,-0.18,1.44,1.48,-0.02,3.59,-0.33,2.27,6.42,0.82
1968-07-31,-2.72,-1.32,5.48,0.48,-5.8,-2.29,0.2,-4.53,0.15,0.43,0.69,-0.16,0.71
1968-08-31,1.34,2.35,1.01,0.42,3.95,3.36,4.72,1.18,1.41,2.42,-2.72,-1.32,5.48
1968-09-30,4.02,2.79,0.26,0.43,7.38,6.93,6.44,3.31,4.27,4.77,1.34,2.35,1.01
1968-10-31,0.42,-0.48,2.91,0.44,-0.63,2.15,1.34,-0.61,1.66,3.23,4.02,2.79,0.26
1968-11-30,5.44,2.37,-0.9,0.42,8.54,8.28,6.78,5.49,5.56,5.45,0.42,-0.48,2.91
1968-12-31,-3.94,3.44,0.02,0.43,0.27,-0.46,-1.07,-4.82,-3.34,-3.43,5.44,2.37,-0.9
1969-01-31,-1.25,-0.79,1.69,0.53,-1.78,-1.07,-0.71,-1.82,0.15,0.48,-3.94,3.44,0.02
1969-02-28,-5.83,-3.88,0.92,0.46,-10.39,-8.08,-7.48,-3.96,-5.32,-5.03,-1.25,-0.79,1.69
1969-03-31,2.64,-0.26,-0.45,0.46,3.06,2.24,3.2,3.9,2.52,2.85,-5.83,-3.88,0.92
1969-04-30,1.46,-0.86,0.06,0.53,0.81,1.87,1.24,3.22,0.39,2.9,2.64,-0.26,-0.45
1969-05-31,-0.1,-0.27,0.73,0.48,-0.27,0.77,0.12,-0.18,0.7,0.9,1.46,-0.86,0.06
1969-06-30,-7.17,-5.39,-1.1,0.51,-12.22,-11.13,-11,-3.43,-7.9,-6.84,-0.1,-0.27,0.73
1969-07-31,-7,-3.22,1.42,0.53,-11.28,-9.49,-7.24,-4.8,-7.55,-6.01,-7.17,-5.39,-1.1
1969-08-31,4.69,0.93,-3.86,0.5,7.31,5.51,3.67,6.69,4.37,2.64,-7,-3.22,1.42
1969-09-30,-2.98,1.22,-3.21,0.62,-0.48,-2.03,-2.71,-0.57,-3.56,-4.76,4.69,0.93,-3.86
1969-10-31,5.05,3.78,-3.22,0.6,10.99,8.01,7,6.25,4.57,3.79,-2.98,1.22,-3.21
1969-11-30,-3.79,-2.52,-1.13,0.52,-5.53,-5.18,-6.37,-2.13,-3.84,-3.52,5.05,3.78,-3.22
1969-12-31,-2.63,-3.67,-3.08,0.64,-5.07,-5.18,-6.72,0.18,-1.82,-4.33,-3.79,-2.52,-1.13
1970-01-31,-8.09,2.92,3.07,0.6,-6.05,-5.17,-2.32,-8.08,-8.51,-5.68,-2.63,-3.67,-3.08
1970-02-28,5.13,-2.39,4.01,0.62,2.63,3.51,6.23,3.63,7.84,8.07,-8.09,2.92,3.07
1970-03-31,-1.06,-2.33,4.24,0.57,-5.33,-1.11,0.15,-1.91,1.48,1.11,5.13,-2.39,4.01
1970-04-30,-10.99,-6.09,6.4,0.5,-20.82,-13.99,-11.13,-10.59,-9.54,-7.48,-1.06,-2.33,4.24
1970-05-31,-6.92,-4.5,3.64,0.53,-11.4,-10.59,-7.87,-7.95,-4.17,-4.21,-10.99,-6.09,6.4
1970-06-30,-5.79,-2.12,0.78,0.58,-8.9,-6.94,-6,-5.43,-3.27,-6.76,-6.92,-4.5,3.64
1970-07-31,6.93,-0.56,1.05,0.52,7.43,6.91,6.74,5.08,9.78,7.86,-5.79,-2.12,0.78
1970-08-31,4.49,1.52,1.08,0.53,6.19,7.09,6.56,4.08,5.28,5.89,6.93,-0.56,1.05
1970-09-30,4.18,8.62,-5.5,0.54,17.03,10.79,9.48,7.32,0.25,3.87,4.49,1.52,1.08
1970-10-31,-2.28,-4.22,0.21,0.46,-6.8,-6.75,-4.2,-0.67,-1.56,-2.85,4.18,8.62,-5.5
1970-11-30,4.59,-4.07,1.69,0.46,0.32,2.04,2.54,5.13,5.68,6.29,-2.28,-4.22,0.21
1970-12-31,5.73,2.93,0.98,0.42,7.86,9.57,9.3,5.36,6.69,5.89,4.59,-4.07,1.69
1971-01-31,4.84,7.43,1.35,0.38,10.48,13.12,12.57,4.72,3.81,5.33,5.73,2.93,0.98
1971-02-28,1.41,1.89,-1.34,0.33,4.63,3.38,2.36,2.39,0.32,1.97,4.84,7.43,1.35
1971-03-31,4.12,2.58,-3.99,0.3,8.83,5.19,4.74,5.95,3.06,2.05,1.41,1.89,-1.34
1971-04-30,3.15,-0.49,0.74,0.28,3.02,3.92,3.38,4.02,2.6,5.14,4.12,2.58,-3.99
1971-05-31,-3.98,-1.11,-1.37,0.29,-4.3,-5.31,-5.23,-2.73,-4.24,-4.54,3.15,-0.49,0.74
1971-06-30,-0.1,-1.43,-2,0.37,0.59,-1.85,-2.12,1.15,-0.1,-0.14,-3.98,-1.11,-1.37
1971-07-31,-4.5,-1.5,0.16,0.4,-6.91,-4.32,-5.86,-4.18,-3.52,-4.88,-0.1,-1.43,-2
1971-08-31,3.78,-0.21,2.7,0.47,4.3,3.69,6.73,5.54,1.18,8.55,-4.5,-1.5,0.16
1971-09-30,-0.86,0.42,-2.94,0.37,0.8,-0.73,-2.19,0.39,-1.22,-2.5,3.78,-0.21,2.7
1971-10-31,-4.42,-1.79,-0.49,0.37,-6.17,-4.3,-6.59,-3.85,-3.49,-4.38,-0.86,0.42,-2.94
1971-11-30,-0.46,-2.83,-1.74,0.37,-2.8,-2.28,-4.16,0.89,-0.39,-1.24,-4.42,-1.79,-0.49
1971-12-31,8.71,3.3,-0.3,0.37,13.45,11.11,12.32,9.02,8.43,9.56,-0.46,-2.83,-1.74
1972-01-31,2.48,6.1,2.05,0.29,9.17,6.7,10.68,2.67,0.34,5.21,8.71,3.3,-0.3
1972-02-29,2.87,1.38,-2.77,0.25,4.89,3.02,2.78,4.48,1.01,1.06,2.48,6.1,2.05
1972-03-31,0.63,-0.26,-1.67,0.27,1.45,-0.09,-0.51,2.21,-1.35,0.79,2.87,1.38,-2.77
1972-04-30,0.29,0.01,0.24,0.29,0.37,1.17,0.43,0.73,0.1,1.11,0.63,-0.26,-1.67
1972-05-31,1.25,-2.77,-2.69,0.3,-1.76,-1.28,-2.8,3,0.88,-1.34,0.29,0.01,0.24
1972-06-30,-2.43,0.32,-2.49,0.29,-3.4,-2.61,-3.09,-1.02,-2.78,-6.28,1.25,-2.77,-2.69
1972-07-31,-0.8,-2.87,0.77,0.31,-5.21,-3.09,-2.01,0.56,-1.12,-1.1,-2.43,0.32,-2.49
1972-08-31,3.26,-4.07,4.68,0.29,-0.9,2.05,2.52,1.43,7.11,7.35,-0.8,-2.87,0.77
1972-09-30,-1.14,-2.68,0.49,0.34,-3.46,-2.74,-3.16,-0.46,-1.06,0.22,3.26,-4.07,4.68
1972-10-31,0.52,-2.7,1.32,0.4,-2.54,-0.14,-1.05,0.49,2.26,1.65,-1.14,-2.68,0.49
1972-11-30,4.6,-1.12,4.78,0.37,3.61,5.79,6.41,2.95,6.51,9.7,0.52,-2.7,1.32
1972-12-31,0.62,-1.85,-2.29,0.37,-0.91,-1.1,-2.26,2.64,-0.75,-0.58,4.6,-1.12,4.78
1973-01-31,-3.29,-3.5,2.68,0.44,-7.87,-5.11,-3.71,-2.61,-2.17,-1.41,0.62,-1.85,-2.29
1973-02-28,-4.84,-3.98,1.68,0.41,-11.11,-7.75,-5.86,-2.98,-4.91,-4.87,-3.29,-3.5,2.68
1973-03-31,-1.3,-2.87,2.84,0.46,-4.37,-2.56,-1.26,-1.32,0.49,1.24,-4.84,-3.98,1.68
1973-04-30,-5.68,-3.98,5.66,0.52,-11.62,-5.36,-5,-6.1,-2.55,-1.4,-1.3,-2.87,2.84
1973-05-31,-2.94,-6.1,0.19,0.51,-10.1,-7.23,-7.32,-0.92,-2.07,-3.31,-5.68,-3.98,5.66
1973-06-30,-1.56,-2.94,1.43,0.51,-5.48,-2.83,-2.66,-0.91,-0.37,-0.86,-2.94,-6.1,0.19
1973-07-31,5.04,7.86,-5.18,0.64,17.97,10.29,8.93,6.39,2.16,5.07,-1.56,-2.94,1.43
1973-08-31,-3.84,-2.05,1.19,0.7,-3.96,-5.27,-4.08,-3.37,-2.91,-0.88,5.04,7.86,-5.18
1973-09-30,4.75,2.92,2.12,0.68,11.02,9.59,8.45,2.21,9.08,9.02,-3.84,-2.05,1.19
1973-10-31,-0.86,-0.16,1.73,0.65,-2.39,0.27,0.97,-0.28,-0.22,-0.15,4.75,2.92,2.12
1973-11-30,-12.75,-7.7,4.01,0.56,-22.56,-17.76,-16.18,-12.49,-10.03,-10.86,-0.86,-0.16,1.73
1973-12-31,0.58,-5.33,4.25,0.64,-2.51,-2.36,-1.27,-1.41,5.42,5.84,-12.75,-7.7,4.01
1974-01-31,-0.17,9.87,5.85,0.63,7.72,10.29,13.9,-1.09,-1.06,4.45,0.58,-5.33,4.25
1974-02-28,-0.47,0,2.55,0.58,0.05,0.35,1.96,-1.08,1.3,2.11,-0.17,9.87,5.85
1974-03-31,-2.81,2.48,-0.09,0.56,-0.45,-0.7,0.47,-1.76,-3.51,-2.86,-0.47,0,2.55
1974-04-30,-5.29,-0.72,1.01,0.75,-6.4,-5.86,-3.67,-3.58,-5.89,-4.29,-2.81,2.48,-0.09
1974-05-31,-4.67,-3.05,-2.09,0.75,-7.2,-8,-6.76,-1.57,-5.11,-6.15,-5.29,-0.72,1.01
1974-06-30,-2.83,-0.17,0.8,0.6,-3.2,-2.4,-1.21,-2.09,-1.73,-2.5,-4.67,-3.05,-2.09
1974-07-31,-8.05,0.88,5.21,0.7,-6.72,-4.23,-2.97,-9.42,-4.41,-2.75,-2.83,-0.17,0.8
1974-08-31,-9.35,-0.7,2.56,0.6,-9.54,-7.97,-7.39,-10.06,-5.65,-7.08,-8.05,0.88,5.21
1974-09-30,-11.78,0.27,5.51,0.81,-11.81,-7.04,-7.28,-13.67,-6.07,-7.18,-9.35,-0.7,2.56
1974-10-31,16.1,-3.52,-9.76,0.51,14.18,7.64,8.22,21.39,11.26,7.9,-11.78,0.27,5.51
1974-11-30,-4.51,-1.2,-0.08,0.54,-5.22,-4.34,-5.46,-4.04,-3.46,-3.96,16.1,-3.52,-9.76
1974-12-31,-3.45,-4.83,0.05,0.7,-7.21,-5.55,-7.7,-3.26,-0.03,-2.65,-4.51,-1.2,-0.08
1975-01-31,13.67,11.01,8.25,0.58,24.7,26.79,30.35,10.53,16.94,21.3,-3.45,-4.83,0.05
1975-02-28,5.56,0.17,-4.54,0.43,6.66,3.19,3.73,8.21,2.79,2.07,13.67,11.01,8.25
1975-03-31,2.66,3.79,2.44,0.41,7.77,6.86,8.32,2.88,1.55,7.18,5.56,0.17,-4.54
1975-04-30,4.23,-0.52,-1.21,0.44,6.57,3.29,3.18,5.69,2.1,6.74,2.66,3.79,2.44
1975-05-31,5.18,3.85,-4.05,0.44,10.3,6.84,6.85,5.67,5.86,0.97,4.23,-0.52,-1.21
1975-06-30,4.82,0.75,1.27,0.41,7.02,7.44,6.21,4.3,6.36,7.71,5.18,3.85,-4.05
1975-07-31,-6.58,2.68,1.65,0.48,-2.97,-2.44,-2.54,-7.51,-3.94,-4.64,4.82,0.75,1.27
1975-08-31,-2.85,-3.19,-0.89,0.48,-4.61,-4.28,-6.61,-2.23,-1.66,-2.02,-6.58,2.68,1.65
1975-09-30,-4.26,-0.1,0.33,0.53,-4.01,-3.36,-3.43,-3.92,-2.71,-3.84,-2.85,-3.19,-0.89
1975-10-31,5.31,-4,0.29,0.56,1.36,3.35,2.06,6.52,5.81,6.41,-4.26,-0.1,0.33
1975-11-30,2.65,-1.21,2,0.41,1.31,2.4,3.81,3.03,3.56,4.52,5.31,-4,0.29
1975-12-31,-1.6,-0.77,1.78,0.48,-1.63,-0.24,-0.9,-1.83,0.38,1,2.65,-1.21,2
1976-01-31,12.16,4.81,8.6,0.47,14.98,18.49,24.61,10.79,14.55,18.37,-1.6,-0.77,1.78
1976-02-29,0.32,7.01,5.84,0.34,6.67,7.34,12.3,-1.32,1.85,4.74,12.16,4.81,8.6
1976-03-31,2.33,-1.14,-0.03,0.4,1.25,1.6,1.77,2.83,3.01,2.26,0.32,7.01,5.84
1976-04-30,-1.49,-0.07,-0.02,0.42,-1.02,-0.97,-1.11,-1.6,0.24,-1.54,2.33,-1.14,-0.03
1976-05-31,-1.35,-1.26,-1.31,0.37,-0.87,-2.02,-3.59,-0.61,-1.59,-0.52,-1.49,-0.07,-0.02
1976-06-30,4.05,-1.38,0.72,0.43,3.93,3.64,3.88,4.46,5.18,5.96,-1.35,-1.26,-1.31
1976-07-31,-1.07,0.3,1.74,0.47,-1.12,0.68,0.76,-1.19,0.22,0.39,4.05,-1.38,0.72
1976-08-31,-0.56,-1.99,0.77,0.42,-3.42,-1.38,-1.27,-0.3,1.16,-0.91,-1.07,0.3,1.74
1976-09-30,2.06,0.02,-0.32,0.44,3.5,2.49,2.22,2.18,3.14,2.9,-0.56,-1.99,0.77
1976-10-31,-2.43,0.26,-0.14,0.41,-2.71,-1.45,-2.08,-2.46,-1.17,-3.36,2.06,0.02,-0.32
1976-11-30,0.35,2.36,1.51,0.4,3.66,3.22,3.93,-0.74,2.44,2.05,-2.43,0.26,-0.14
1976-12-31,5.65,2.99,2.25,0.4,9.6,9.52,10.08,4.79,6.63,8.77,0.35,2.36,1.51
1977-01-31,-4.05,4.79,4.25,0.36,0.77,2.27,3.21,-6.3,-1.59,-0.22,5.65,2.99,2.25
1977-02-28,-1.94,1.1,0.48,0.35,-0.92,-1.19,0.1,-1.87,-1.51,-1.92,-4.05,4.79,4.25
1977-03-31,-1.37,1.01,1.04,0.38,0.27,0.77,0.2,-1.64,-0.62,0.5,-1.94,1.1,0.48
1977-04-30,0.14,-0.1,3.44,0.38,1.07,1.28,2.55,-1.11,2.01,4.32,-1.37,1.01,1.04
1977-05-31,-1.45,1.21,0.83,0.37,-0.73,0.17,0.73,-1.79,-0.08,-1.58,0.14,-0.1,3.44
1977-06-30,4.71,2.13,-0.65,0.4,7.45,6.22,6.97,5.66,3.76,4.84,-1.45,1.21,0.83
1977-07-31,-1.69,2.14,-0.61,0.42,0.04,0.04,0.56,-1.47,-1.05,-3.22,4.71,2.13,-0.65
1977-08-31,-1.75,1.51,-2.8,0.44,0.74,-0.83,-1.51,0.34,-3.46,-3,-1.69,2.14,-0.61
1977-09-30,-0.27,1.44,-0.51,0.43,1.62,1.77,0.58,-0.7,1.04,-0.68,-1.75,1.51,-2.8
1977-10-31,-4.38,1.26,1.71,0.49,-3.84,-2.1,-1.57,-4.32,-3.8,-3.18,-0.27,1.44,-0.51
1977-11-30,4,3.69,0.35,0.5,8.26,7.37,8.14,4.01,3.83,4.84,-4.38,1.26,1.71
1977-12-31,0.26,1.34,-0.34,0.49,3.2,1.48,1.58,0.21,0.88,1.15,4,3.69,0.35
1978-01-31,-6.01,2.23,3.29,0.49,-4.71,-2.84,-1.2,-6.41,-5.67,-3.34,0.26,1.34,-0.34
1978-02-28,-1.38,3.57,0.79,0.46,1.57,2.54,2.53,-2.54,0.37,-1.9,-6.01,2.23,3.29
1978-03-31,2.85,3.45,1.25,0.53,6.35,6.7,7.04,2.18,3.6,3.99,-1.38,3.57,0.79
1978-04-30,7.87,0.39,-3.46,0.54,9.93,7.52,7.19,11.06,5.53,6.87,2.85,3.45,1.25
1978-05-31,1.76,4.59,-0.6,0.51,7.2,5.83,5.87,1.94,1.14,2.07,7.87,0.39,-3.46
1978-06-30,-1.69,1.69,0.58,0.54,-0.94,1.13,0.38,-1.39,-1.56,-1.55,1.76,4.59,-0.6
1978-07-31,5.11,0.29,-1.1,0.56,6.97,5.05,5.74,6.9,4.13,5.91,-1.69,1.69,0.58
1978-08-31,3.75,5.09,-0.47,0.55,8.27,8.18,8.82,3.56,4.39,2.05,5.11,0.29,-1.1
1978-09-30,-1.43,-0.42,1.88,0.62,-1.86,-0.39,-0.63,-2.57,0.98,-0.05,3.75,5.09,-0.47
1978-10-31,-11.91,-9.9,1.37,0.68,-23.11,-18.43,-18.73,-9.9,-9.1,-11.57,-1.43,-0.42,1.88
1978-11-30,2.71,3.03,-2.21,0.7,8.87,5.03,4.4,2.96,3.27,3.01,-11.91,-9.9,1.37
1978-12-31,0.88,1.24,-2.19,0.78,3.03,1.96,1.94,2.89,0.7,-0.39,2.71,3.03,-2.21
1979-01-31,4.23,3.69,2.24,0.77,8.57,7.91,9.63,3.24,5.09,6.69,0.88,1.24,-2.19
1979-02-28,-3.56,0.46,1.18,0.73,-3.44,-2.24,-1.91,-3.72,-2.36,-2.89,4.23,3.69,2.24
1979-03-31,5.68,3.19,-0.66,0.81,11.63,8.41,8.5,5.72,5.69,7.55,-3.56,0.46,1.18
1979-04-30,-0.07,2.16,1.07,0.8,1.66,2.97,3.32,0.19,0.6,0.68,5.68,3.19,-0.66
1979-05-31,-2.21,0.48,1.82,0.82,-2.64,-0.78,0.49,-1.83,-1.27,-1.3,-0.07,2.16,1.07
1979-06-30,3.85,1.15,1.43,0.81,5.71,6.02,6.04,3.09,5.55,5.65,-2.21,0.48,1.82
1979-07-31,0.82,1.27,1.74,0.77,2.03,4.05,3.05,0.58,1.77,3,3.85,1.15,1.43
1979-08-31,5.52,2.07,-1.53,0.77,9.05,7.36,7.38,6.74,5.45,5.37,0.82,1.27,1.74
1979-09-30,-0.82,-0.27,-0.9,0.83,0.78,-1.1,-1.06,-0.76,0.92,-0.77,5.52,2.07,-1.53
1979-10-31,-8.1,-3.33,-1.86,0.87,-9.24,-10.6,-11.3,-6.65,-6.19,-8.31,-0.82,-0.27,-0.9
1979-11-30,5.21,2.73,-3.28,0.99,10.94,6.83,6.85,6.57,5.71,4.1,-8.1,-3.33,-1.86
1979-12-31,1.79,4.17,-2,0.95,8.14,5.23,5.15,2.98,1.09,1.95,5.21,2.73,-3.28
1980-01-31,5.51,1.64,1.81,0.8,7.87,7.76,8.47,4.88,6.34,7.92,1.79,4.17,-2
1980-02-29,-1.22,-1.81,0.61,0.89,-0.41,-2.91,-2.71,-3.09,2.06,0.44,5.51,1.64,1.81
1980-03-31,-12.9,-6.64,-1.05,1.21,-19.31,-16.06,-17.32,-8.94,-10.77,-13.05,-1.22,-1.81,0.61
1980-04-30,3.96,0.97,1.06,1.26,6.13,6.41,5.88,3.73,5.66,6.11,-12.9,-6.64,-1.05
1980-05-31,5.26,2.15,0.37,0.81,8.08,7.9,8.1,5.66,5.48,6.45,3.96,0.97,1.06
1980-06-30,3.06,1.67,-0.9,0.61,5.32,4.35,4.33,3.18,3.44,2.37,5.26,2.15,0.37
1980-07-31,6.49,4.25,-6.3,0.53,13.31,9.58,7.21,9.36,5.25,2.76,3.06,1.67,-0.9
1980-08-31,1.8,3.89,-2.66,0.64,8.47,4.98,3.62,2.21,1.39,1.76,6.49,4.25,-6.3
1980-09-30,2.2,0.86,-4.72,0.75,5.25,2.95,0.87,4.15,3.27,-0.95,1.8,3.89,-2.66
1980-10-31,1.06,2.49,-2.8,0.95,5.82,2.37,3.04,1.82,2.88,-0.93,2.2,0.86,-4.72
1980-11-30,9.59,-3.47,-8.44,0.96,12.61,4.43,2.49,11.65,13.43,4.88,1.06,2.49,-2.8
1980-12-31,-4.53,-0.26,2.72,1.31,-5.31,-1.82,-1.33,-2.14,-4.75,-0.74,9.59,-3.47,-8.44
1981-01-31,-5.04,3.01,6.83,1.04,-3.77,0.78,2.24,-6,-5.39,1.64,-4.53,-0.26,2.72
1981-02-28,0.56,-0.3,1.07,1.07,-0.69,2.37,2.84,2.81,1.26,1.33,-5.04,3.01,6.83
1981-03-31,3.55,3.56,0.73,1.21,7.68,8.01,7.65,3.79,3.6,5.22,0.56,-0.3,1.07
1981-04-30,-2.11,4.43,2.32,1.08,2.56,3.55,3.91,-2.17,-2.16,1.06,3.55,3.56,0.73
1981-05-31,0.11,2.04,-0.44,1.15,4.92,2.95,1.72,0.84,-0.49,3.22,-2.11,4.43,2.32
1981-06-30,-2.36,-0.85,5.11,1.35,-5.73,0.74,1.28,-3.23,2.09,-0.05,0.11,2.04,-0.44
1981-07-31,-1.54,-2.18,-0.57,1.24,-2.79,-2.41,-1.59,1.34,-0.57,-1.05,-2.36,-0.85,5.11
1981-08-31,-7.03,-1.95,4.83,1.28,-9.99,-5.92,-4.71,-6.82,-5.49,-2.45,-1.54,-2.18,-0.57
1981-09-30,-7.17,-2.67,5.17,1.24,-10.26,-6.5,-4.89,-6.32,-5.99,-1.35,-7.03,-1.95,4.83
1981-10-31,4.92,2.17,-4.22,1.21,10.46,6.69,5.79,8.11,3.96,4.4,-7.17,-2.67,5.17
1981-11-30,3.35,-0.94,1.86,1.07,0.88,4.91,4.65,4.11,5.07,4.14,4.92,2.17,-4.22
1981-12-31,-3.65,1.2,0.73,0.87,-2.34,-0.95,-1.49,-3.13,-2.72,-2.5,3.35,-0.94,1.86
1982-01-31,-3.24,-1.25,3.07,0.8,-4.8,-3.31,-0.85,-1.87,-3.67,0.43,-3.65,1.2,0.73
1982-02-28,-5.85,0.44,6.04,0.92,-7.46,-3.06,-0.8,-7.36,-3.36,-1.95,-3.24,-1.25,3.07
1982-03-31,-1.87,-0.16,3.79,0.98,-2.19,-0.47,1.56,-1.96,-0.53,1.93,-5.85,0.44,6.04
1982-04-30,3.27,1.51,-2.81,1.13,6.55,5.67,4.16,5.78,3.5,2.58,-1.87,-0.16,3.79
1982-05-31,-3.99,0.46,1.83,1.06,-3.58,-2.29,-0.94,-3.46,-2.29,-2.45,3.27,1.51,-2.81
1982-06-30,-3.09,-0.38,1.53,0.96,-3.56,-1.65,-1.29,-2.48,-1.17,-1.67,-3.99,0.46,1.83
1982-07-31,-3.19,0.88,0.2,1.05,-2.42,-0.55,-0.99,-0.66,-4.19,-1.69,-3.09,-0.38,1.53
1982-08-31,11.14,-4.12,1.18,0.76,8.12,8.94,8.13,11.01,13.2,13.33,-3.19,0.88,0.2
1982-09-30,1.29,2.89,0.32,0.51,2.64,4.76,5.22,1.92,2.02,0.02,11.14,-4.12,1.18
1982-10-31,11.3,2.37,-3.7,0.59,15.89,13.26,11.59,12.78,11.2,9.7,1.29,2.89,0.32
1982-11-30,4.68,4.8,-1.94,0.63,10.01,8.43,9.31,7.09,2.34,3.95,11.3,2.37,-3.7
1982-12-31,0.55,-0.19,0.02,0.67,1.3,1.2,0.87,1.15,1.14,1.61,4.68,4.8,-1.94
1983-01-31,3.59,2.7,-0.87,0.69,9.72,5.44,4.92,2.8,3.3,5.88,0.55,-0.19,0.02
1983-02-28,2.59,3.24,0.68,0.62,4.28,6.59,7.09,3.65,2.38,2.21,3.59,2.7,-0.87
1983-03-31,2.82,1.78,2.07,0.63,2.63,6.38,6.25,2.47,4.47,3,2.59,3.24,0.68
1983-04-30,6.67,0.52,0.58,0.71,7.83,8,7.57,5.7,9.03,7.11,2.82,1.78,2.07
1983-05-31,0.52,6.15,-1.4,0.69,7.96,5.35,5.08,-0.14,0.14,-0.07,6.67,0.52,0.58
1983-06-30,3.07,0.9,-3.87,0.67,5.65,4.39,2.38,5.27,3.68,0.77,0.52,6.15,-1.4
1983-07-31,-4.07,1.48,5.57,0.74,-5.81,-0.02,1.26,-5.2,-2.7,-1.12,3.07,0.9,-3.87
1983-08-31,-0.5,-4.28,5.55,0.76,-4.8,-2.83,-0.35,-1.34,0.92,5.29,-4.07,1.48,5.57
1983-09-30,0.92,0.59,1.09,0.76,0.1,2.49,3.99,2.58,1.51,0.81,-0.5,-4.28,5.55
1983-10-31,-3.44,-3.6,4.99,0.76,-9.02,-4.39,-2.21,-3.57,-0.87,-0.39,0.92,0.59,1.09
1983-11-30,2.16,2.06,-0.65,0.7,4.75,4.24,4.34,2.81,2.47,1.91,-3.44,-3.6,4.99
1983-12-31,-1.78,-0.28,1.69,0.73,-3.17,-0.39,0.23,-0.69,-1.08,-0.73,2.16,2.06,-0.65
1984-01-31,-1.93,-0.41,7.61,0.76,-4.22,-0.29,2.1,-5.31,0.59,3.57,-1.78,-0.28,1.69
1984-02-29,-4.82,-1.69,3.31,0.71,-6.98,-5,-3.55,-4.76,-4.16,-1.56,-1.93,-0.41,7.61
1984-03-31,0.63,0.07,0.5,0.73,0.19,1.36,2.29,1.56,1.57,0.46,-4.82,-1.69,3.31
1984-04-30,-0.51,-1.18,1.24,0.81,-1.23,0.1,-0.04,0.46,0.2,1.73,0.63,0.07,0.5
1984-05-31,-5.97,0.05,0.23,0.78,-5.95,-4.8,-4.4,-4.81,-4.55,-5.9,-0.51,-1.18,1.24
1984-06-30,1.82,-0.25,-2.63,0.75,4.58,2.1,1.09,4.4,1.58,2.64,-5.97,0.05,0.23
1984-07-31,-2.74,-2.22,0.41,0.82,-5.55,-2.98,-3.32,-0.98,-1.8,-2.43,1.82,-0.25,-2.63
1984-08-31,10.28,-0.25,-1.88,0.83,13.43,10.31,9.54,11.28,11.16,11.51,-2.74,-2.22,0.41
1984-09-30,-0.8,0.22,5.32,0.86,-2.72,1.42,2.33,-2.4,-0.37,3.17,10.28,-0.25,-1.88
1984-10-31,-0.85,-1.14,0.58,1,-2.19,-0.31,0.03,0.77,0.86,-0.5,-0.8,0.22,5.32
1984-11-30,-1.76,-0.63,4.03,0.73,-4.54,-0.3,0.39,-2.23,-1.29,0.93,-0.85,-1.14,0.58
1984-12-31,1.84,-0.57,-0.11,0.64,2.02,1.67,2.18,2.66,2.72,2.23,-1.76,-0.63,4.03
1985-01-31,7.98,3.26,-5.39,0.65,14.99,9.99,8.7,10.12,8.12,5.64,1.84,-0.57,-0.11
1985-02-28,1.22,0.79,-0.17,0.58,2.99,2.84,1.71,1.3,1.66,2.24,7.98,3.26,-5.39
1985-03-31,-0.84,-1.11,4.05,0.62,-3.22,-1.21,1.4,-1.27,-0.59,2.17,1.22,0.79,-0.17
1985-04-30,-0.96,0.19,3.74,0.72,-2.01,0.14,1.65,-1.86,-0.77,1.9,-0.84,-1.11,4.05
1985-05-31,5.09,-2.27,-0.86,0.66,4.24,4.07,3.22,5.98,7.12,5.25,-0.96,0.19,3.74
1985-06-30,1.28,0.52,0.49,0.55,1.41,2.55,2.33,1.54,1.88,1.45,5.09,-2.27,-0.86
1985-07-31,-0.74,2.85,-1.66,0.62,2.77,2.47,1.1,0.21,-0.95,-1.46,1.28,0.52,0.49
1985-08-31,-1.02,-0.35,2.24,0.55,-1.97,-0.03,0.25,-1.53,-0.07,0.81,-0.74,2.85,-1.66
1985-09-30,-4.54,-1.6,1.25,0.6,-7.27,-4.24,-4.19,-3.87,-2.71,-4.37,-1.02,-0.35,2.24
1985-10-31,4.02,-1.58,0.73,0.65,3.22,3.72,3.26,4,5.38,5.5,-4.54,-1.6,1.25
1985-11-30,6.48,0.22,-2.92,0.61,7.84,6.92,6.31,9.07,6.6,4.75,4.02,-1.58,0.73
1985-12-31,3.88,-0.46,-1.53,0.65,5.03,4.02,3.28,5.77,3.62,4.41,6.48,0.22,-2.92
1986-01-31,0.65,1.19,0.52,0.56,2.27,1.53,2.56,0.77,0.43,1.55,3.88,-0.46,-1.53
1986-02-28,7.13,-0.58,-0.76,0.53,7.33,7.25,6.67,8,8.25,6.89,0.65,1.19,0.52
1986-03-31,4.88,-0.5,-0.5,0.6,4.3,5.37,5.18,6.24,5.81,4.35,7.13,-0.58,-0.76
1986-04-30,-1.31,2.83,-2.91,0.52,2.37,1.14,0.45,0.56,-1.79,-3.32,4.88,-0.5,-0.5
1986-05-31,4.62,-1.3,-0.11,0.49,3.35,5.29,3.48,5.45,5.53,5.08,-1.31,2.83,-2.91
1986-06-30,1.04,-0.92,1.4,0.52,-0.09,0.96,1.93,1.84,1.16,2.59,4.62,-1.3,-0.11
1986-07-31,-6.45,-3.4,4.73,0.52,-10.7,-8.8,-5.68,-7.17,-5.22,-2.67,1.04,-0.92,1.4
1986-08-31,6.07,-4.19,3.48,0.46,2.14,3.58,4.51,4.78,8.48,9.45,-6.45,-3.4,4.73
1986-09-30,-8.6,2.28,3.18,0.45,-8.23,-4.82,-4.75,-10.06,-7.46,-7.14,6.07,-4.19,3.48
1986-10-31,4.66,-2.57,-1.44,0.46,4.36,2.8,1.6,5.6,5.37,5.49,-8.6,2.28,3.18
1986-11-30,1.17,-1.97,-0.08,0.39,0.04,-0.59,0.34,1.99,2.24,1.5,4.66,-2.57,-1.44
1986-12-31,-3.27,0.08,0.3,0.49,-3.17,-2.91,-2.04,-2.44,-2.99,-2.94,1.17,-1.97,-0.08
1987-01-31,12.46,-1.78,-3.22,0.42,12.57,11.09,9.07,13.87,13.27,10.95,-3.27,0.08,0.3
1987-02-28,4.39,3.48,-5.91,0.43,9.55,6.78,5.06,7.48,3.48,0.06,12.46,-1.78,-3.22
1987-03-31,1.64,0.36,1.55,0.47,1.34,2.65,3.68,1.66,2.33,2.49,4.39,3.48,-5.91
1987-04-30,-2.1,-1.67,-0.26,0.44,-2.68,-3.01,-3.66,-1.82,-0.96,-1.49,1.64,0.36,1.55
1987-05-31,0.1,-0.56,0.12,0.38,-0.32,-0.02,0.72,1.49,-0.22,0.76,-2.1,-1.67,-0.26
1987-06-30,3.94,-2.18,1.04,0.48,1.46,3.25,3.54,4.64,5.45,4.68,0.1,-0.56,0.12
1987-07-31,3.85,-0.64,0.71,0.46,2.19,3.3,5.44,5.58,3.5,3.74,3.94,-2.18,1.04
1987-08-31,3.52,-0.75,-0.92,0.47,2.84,3.78,2.91,4.67,4.33,2.78,3.85,-0.64,0.71
1987-09-30,-2.59,0.66,0.29,0.45,-2.55,-1.25,-1.38,-1.93,-2.32,-2.54,3.52,-0.75,-0.92
1987-10-31,-23.24,-8.37,4.22,0.6,-32.33,-27.91,-27.74,-23.19,-20.22,-19.37,-2.59,0.66,0.29
1987-11-30,-7.77,2.61,3.23,0.35,-6.98,-3.98,-3.5,-8.76,-7.83,-5.79,-23.24,-8.37,4.22
1987-12-31,6.82,0.17,-4.43,0.39,9.23,6.99,4.66,9.17,6.38,4.88,-7.77,2.61,3.23
1988-01-31,4.22,-0.65,5.16,0.29,2.24,4.85,6.58,2.06,5.64,8.03,6.82,0.17,-4.43
1988-02-29,4.75,3.34,-1.65,0.46,8.42,7.98,7.11,5.43,4.58,3.45,4.22,-0.65,5.16
1988-03-31,-2.27,6.14,0.76,0.44,3.71,3.88,3.34,-3.09,-3.18,-1.24,4.75,3.34,-1.65
1988-04-30,0.56,0.96,1.69,0.46,1.35,1.94,2.54,-0.66,2.08,1.54,-2.27,6.14,0.76
1988-05-31,-0.29,-2.65,2.28,0.51,-2.92,-1.78,-0.48,0.01,0.63,2.13,0.56,0.96,1.69
1988-06-30,4.79,2.11,-1.11,0.49,7.61,6.89,6.19,4.78,5.65,3.97,-0.29,-2.65,2.28
1988-07-31,-1.25,-0.19,2.27,0.51,-2.44,-0.09,0.33,-1.54,-0.31,0.22,4.79,2.11,-1.11
1988-08-31,-3.31,0.07,2.07,0.59,-4.06,-1.7,-1.38,-2.88,-3.14,-1.39,-1.25,-0.19,2.27
1988-09-30,3.3,-1.26,-0.7,0.62,2.68,2.97,2.74,5.07,3.48,3.66,-3.31,0.07,2.07
1988-10-31,1.15,-2.9,1.68,0.61,-2.02,-0.05,0.59,2.26,1.94,3.01,3.3,-1.26,-0.7
1988-11-30,-2.29,-1.73,1.28,0.57,-3.86,-2.58,-2.64,-1.69,-1.85,-0.37,1.15,-2.9,1.68
1988-12-31,1.49,1.93,-1.54,0.63,4.06,3.87,3,2.77,1.6,0.76,-2.29,-1.73,1.28
1989-01-31,6.1,-2.13,0.53,0.55,4.35,4.5,5.43,7.07,6.56,7.05,1.49,1.93,-1.54
1989-02-28,-2.25,2.74,0.88,0.61,0.49,0.79,1.25,-2.34,-2.06,-1.38,6.1,-2.13,0.53
1989-03-31,1.57,0.72,0.47,0.67,2.53,3.02,3.42,2.52,1.66,2.6,-2.25,2.74,0.88
1989-04-30,4.33,-0.57,-1.47,0.67,4.82,4.36,3.86,6,4.76,4.06,1.57,0.72,0.47
1989-05-31,3.35,-0.04,-0.87,0.79,4.67,3.74,3.83,4.82,3.56,3.98,4.33,-0.57,-1.47
1989-06-30,-1.35,-1.02,2.16,0.71,-3.04,-0.8,-0.09,-0.96,-0.35,0.43,3.35,-0.04,-0.87
1989-07-31,7.2,-4.01,-2.86,0.7,4.37,4.17,3.47,10.81,7.17,6.1,-1.35,-1.02,2.16
1989-08-31,1.44,0.53,0.7,0.74,2.83,2.74,2.57,1.08,2.84,2.63,7.2,-4.01,-2.86
1989-09-30,-0.76,0.33,-1.37,0.65,1.38,0.16,-0.85,0.53,-0.82,0.08,1.44,0.53,0.7
1989-10-31,-3.68,-3.24,-1.09,0.68,-5.01,-5.73,-6.45,-1.36,-3.93,-2.11,-0.76,0.33,-1.37
1989-11-30,1.02,-1.23,-1.14,0.69,0.7,0.86,-0.12,2.39,1.66,1.06,-3.68,-3.24,-1.09
1989-12-31,1.16,-2.37,0.21,0.61,0.16,-0.4,-0.24,1.68,2.42,2.55,1.02,-1.23,-1.14
1990-01-31,-7.85,-1.26,0.85,0.57,-9.28,-7.65,-7.93,-7.52,-6.37,-7.09,1.16,-2.37,0.21
1990-02-28,1.11,1.04,0.63,0.57,3.26,2.63,2.3,0.32,2.18,2.54,-7.85,-1.26,0.85
1990-03-31,1.83,1.46,-2.86,0.64,4.35,3.79,2.31,4.14,1.41,0.48,1.11,1.04,0.63
1990-04-30,-3.36,-0.49,-2.55,0.69,-2.83,-3.12,-4.39,-0.9,-3.46,-4.5,1.83,1.46,-2.86
1990-05-31,8.42,-2.58,-3.76,0.68,8.47,6.45,4.33,10.82,8.65,7.47,-3.36,-0.49,-2.55
1990-06-30,-1.1,1.44,-2,0.63,1.21,0.45,0.06,1.31,-2.38,-1.56,8.42,-2.58,-3.76
1990-07-31,-1.9,-3.18,-0.02,0.68,-4.49,-3.76,-4.24,-1.29,-0.04,-1.56,-1.1,1.44,-2
1990-08-31,-10.15,-3.59,1.6,0.66,-14.78,-12.2,-11.35,-9.7,-7.95,-9.93,-1.9,-3.18,-0.02
1990-09-30,-6.12,-3.65,0.73,0.6,-10.32,-8.32,-8.19,-5.73,-3.73,-6.37,-10.15,-3.59,1.6
1990-10-31,-1.92,-5.54,0.23,0.68,-5.99,-5.56,-5.88,0.38,-1.96,0.78,-6.12,-3.65,0.73
1990-11-30,6.34,0.33,-3.06,0.57,8.93,6.48,4.96,7.37,6.82,5.19,-1.92,-5.54,0.23
1990-12-31,2.46,0.81,-1.57,0.6,4.18,3.49,2.88,3.74,2.41,1.95,6.34,0.33,-3.06
1991-01-31,4.69,3.81,-1.81,0.52,9.32,8.32,7.65,6.32,3.26,4.31,2.46,0.81,-1.57
1991-02-28,7.18,3.91,-0.58,0.48,11.71,10.24,11.25,7.83,6.54,7.1,4.69,3.81,-1.81
1991-03-31,2.65,3.91,-1.23,0.44,7.76,5.25,6.63,4.04,1.13,2.77,7.18,3.91,-0.58
1991-04-30,-0.27,0.52,1.45,0.53,-0.65,1.43,1.58,-0.27,0.79,0.31,2.65,3.91,-1.23
1991-05-31,3.65,-0.35,-0.55,0.47,4.27,4.88,2.63,4.67,2.91,5.22,-0.27,0.52,1.45
1991-06-30,-4.95,0.08,1.18,0.42,-5.3,-3.27,-4.1,-4.87,-4.31,-3.68,3.65,-0.35,-0.55
1991-07-31,4.24,-0.97,-1.28,0.49,4.22,3.55,2.97,5.44,4.02,4.11,-4.95,0.08,1.18
1991-08-31,2.32,1.61,-0.8,0.46,4.43,3.11,4.31,3.37,1.81,1.88,4.24,-0.97,-1.28
1991-09-30,-1.59,1.64,-1,0.46,1.23,0.67,-1.05,-2.17,0.02,-1.9,2.32,1.61,-0.8
1991-10-31,1.29,0.9,-0.47,0.42,3.11,2.59,1.91,1.52,1.67,1.77,-1.59,1.64,-1
1991-11-30,-4.18,-0.49,-1.93,0.39,-4.8,-3.76,-5.51,-2.5,-4.51,-5.62,1.29,0.9,-0.47
1991-12-31,10.83,-2.24,-4.05,0.38,10.17,6.73,7.52,14.47,7.67,9.04,-4.18,-0.49,-1.93
1992-01-31,-0.59,8.47,4.53,0.34,7.64,7.45,10.45,-2.28,-1.52,3.96,10.83,-2.24,-4.05
1992-02-29,1.09,0.88,6.38,0.28,0.77,2.84,7.02,0.37,0.75,6.87,-0.59,8.47,4.53
1992-03-31,-2.66,-1.04,3.68,0.34,-6.35,-1.24,-0.66,-2.78,-1.29,-1.12,1.09,0.88,6.38
1992-04-30,1.08,-6.1,4.33,0.32,-5.56,-2.41,-1.01,0.13,4.97,4.23,-2.66,-1.04,3.68
1992-05-31,0.3,0.39,1.25,0.28,-0.66,0.92,2.52,0.92,0.45,0.24,1.08,-6.1,4.33
1992-06-30,-2.34,-3.12,3.39,0.32,-6.17,-3.22,-2.71,-2.47,-1.15,0.84,0.3,0.39,1.25
1992-07-31,3.77,-0.44,-0.54,0.31,2.62,3.33,3.81,4.32,4.65,2.09,-2.34,-3.12,3.39
1992-08-31,-2.38,-0.12,-1.05,0.26,-4.33,-1.5,-2.64,-1.1,-2.14,-4.89,3.77,-0.44,-0.54
1992-09-30,1.19,0.53,-0.24,0.26,1.48,2.46,1.45,1.67,0.86,1.22,-2.38,-0.12,-1.05
1992-10-31,1.01,2.07,-2.08,0.23,4.37,2.52,1.66,2.4,-0.91,0.92,1.19,0.53,-0.24
1992-11-30,4.13,3.69,-1.47,0.23,9.63,6.47,6.7,4.58,2.55,4.56,1.01,2.07,-2.08
1992-12-31,1.53,1.64,2.52,0.28,2.6,3.63,4.94,0.7,2.12,3.41,4.13,3.69,-1.47
1993-01-31,0.94,2.06,5.88,0.23,1.3,4.04,6.59,-1.1,1.5,5.39,1.53,1.64,2.52
1993-02-28,0.13,-3.42,6.45,0.22,-6.38,-0.13,1.09,-2.35,4.12,3.08,0.94,2.06,5.88
1993-03-31,2.31,0.23,1.25,0.25,2.08,2.6,3.65,1.76,3.1,2.72,0.13,-3.42,6.45
1993-04-30,-3.05,-0.68,2.64,0.24,-3.77,-2.54,-2.6,-5.04,-0.89,-0.94,2.31,0.23,1.25
1993-05-31,2.88,1.97,-3.42,0.22,6.66,3.23,3.09,4.01,2.36,0.73,-3.05,-0.68,2.64
1993-06-30,0.31,-0.29,2.62,0.25,0.72,0.48,1.49,-1.03,1.2,3.43,2.88,1.97,-3.42
1993-07-31,-0.34,0.94,3.26,0.24,-0.36,1.48,2.26,-2.25,1.14,1.64,0.31,-0.29,2.62
1993-08-31,3.72,0.3,-0.47,0.25,3.98,4.69,3.34,3.63,4.09,3.37,-0.34,0.94,3.26
1993-09-30,-0.12,3.12,-0.48,0.26,3.24,2.31,2.56,-0.7,0.47,-0.99,3.72,0.3,-0.47
1993-10-31,1.41,1.44,-1.57,0.22,3.88,1.69,2.64,2.98,-0.19,1.1,-0.12,3.12,-0.48
1993-11-30,-1.89,-1.41,-0.25,0.25,-3.29,-2.72,-2.42,-0.05,-2.64,-1.44,1.41,1.44,-1.57
1993-12-31,1.64,1.23,0.58,0.23,2.59,3.87,2.74,1.4,1.77,2.39,-1.89,-1.41,-0.25
1994-01-31,2.87,0.13,2.11,0.25,1.92,2.9,5.09,1.98,4.49,3.03,1.64,1.23,0.58
1994-02-28,-2.55,2.72,-1.41,0.21,-0.91,0.82,-0.91,-1.65,-3.05,-4.47,2.87,0.13,2.11
1994-03-31,-4.78,-0.96,1.34,0.27,-6.21,-4.82,-4.3,-4.72,-3.8,-3.95,-2.55,2.72,-1.41
1994-04-30,0.68,-0.9,1.69,0.27,-0.8,0.64,1.37,0.35,2.03,1.57,-4.78,-0.96,1.34
1994-05-31,0.57,-2.01,0.18,0.32,-2.54,-1.03,0.06,1.5,1.77,-0.75,0.68,-0.9,1.69
1994-06-30,-3.03,-0.49,1.66,0.31,-4.75,-2.08,-2.09,-3.03,-2.13,-2.32,0.57,-2.01,0.18
1994-07-31,2.81,-1.77,0.98,0.28,1.45,1.51,2.3,3.08,3.32,4.19,-3.03,-0.49,1.66
1994-08-31,4.01,1.44,-3.47,0.37,7.47,4.29,3.98,5.9,3.04,2.45,2.81,-1.77,0.98
1994-09-30,-2.31,2.68,-1.8,0.37,0.58,-0.18,-0.46,-1.14,-3.25,-3.72,4.01,1.44,-3.47
1994-10-31,1.34,-2.21,-2.36,0.38,0.59,-0.08,-2.03,2.35,2.5,0.23,-2.31,2.68,-1.8
1994-11-30,-4.04,-0.16,-0.05,0.37,-3.73,-3.45,-3.73,-2.92,-4.48,-3.02,1.34,-2.21,-2.36
1994-12-31,0.87,0.04,0.28,0.44,0.63,2.09,1.31,1.41,1.21,1.26,-4.04,-0.16,-0.05
1995-01-31,1.79,-2.95,1.66,0.42,-1.13,-0.14,0.96,2.22,2.92,3.42,0.87,0.04,0.28
1995-02-28,3.62,-0.33,0.38,0.4,3.6,3.25,4.35,4.02,4.13,4.04,1.79,-2.95,1.66
1995-03-31,2.19,-0.37,-2.07,0.46,2.69,2.04,0.95,2.99,3.17,0.62,3.62,-0.33,0.38
1995-04-30,2.12,-0.41,1.71,0.44,1.19,3,3.2,2.08,3.07,3.47,2.19,-0.37,-2.07
1995-05-31,2.9,-2.21,1.87,0.54,0.78,1.98,2.91,3.55,3.59,5.23,2.12,-0.41,1.71
1995-06-30,2.72,3.08,-2.98,0.47,7.22,4.93,3.93,3.92,1.74,1.24,2.9,-2.21,1.87
1995-07-31,3.72,2.22,-2.22,0.45,7.84,4.77,4.76,4,4.08,2.65,2.72,3.08,-2.98
1995-08-31,0.55,1.84,1.93,0.47,2.21,2.93,3.89,0.1,1.17,2.25,3.72,2.22,-2.22
1995-09-30,3.35,-2.07,-0.93,0.43,2.48,1.81,1.56,4.85,3.31,3.88,0.55,1.84,1.93
1995-10-31,-1.52,-3.94,-0.1,0.47,-5.83,-4.97,-3.68,0.48,-1.26,-1.88,3.35,-2.07,-0.93
1995-11-30,3.95,-0.81,0.33,0.42,3.56,3.3,4.04,3.95,5.26,4.14,-1.52,-3.94,-0.1
1995-12-31,1.03,0.38,1.39,0.49,1.83,2.58,2.19,0.28,2.49,2.73,3.95,-0.81,0.33
1996-01-31,2.26,-2.49,0.41,0.43,0.04,0.33,1.1,3.02,3.14,2.77,1.03,0.38,1.39
1996-02-29,1.33,2.04,-2.32,0.39,4.73,2.58,2.28,1.99,1.66,-0.21,2.26,-2.49,0.41
1996-03-31,0.73,1.3,1.28,0.39,2.12,2.76,2.83,0.2,1.55,2.04,1.33,2.04,-2.32
1996-04-30,2.06,4.89,-4.05,0.46,8.8,4.7,4.37,2.82,1.23,-0.85,0.73,1.3,1.28
1996-05-31,2.37,3.17,-1.4,0.42,6.07,4.38,5.41,3.8,0.92,1.66,2.06,4.89,-4.05
1996-06-30,-1.14,-3.67,1.96,0.4,-6.27,-2.37,-2.42,0.02,-0.18,0.02,2.37,3.17,-1.4
1996-07-31,-5.97,-3.57,4.38,0.45,-13.8,-6.11,-5.35,-5.55,-3.7,-5.23,-1.14,-3.67,1.96
1996-08-31,2.77,2.3,-0.57,0.41,7.1,4.61,4.55,2.05,3.86,3.46,-5.97,-3.57,4.38
1996-09-30,5.01,-0.81,-3.78,0.44,5.19,2.69,2.84,6.83,4.69,1.66,2.77,2.3,-0.57
1996-10-31,0.87,-4.11,4.82,0.42,-5.12,-0.05,1.14,0.67,3.58,4.06,5.01,-0.81,-3.78
1996-11-30,6.25,-3.59,0.18,0.41,1.84,4.65,3.64,7.25,7.91,5.77,0.87,-4.11,4.82
1996-12-31,-1.7,3.07,0.98,0.46,0.66,2.68,1.84,-1.71,-1.43,-0.91,6.25,-3.59,0.18
1997-01-31,4.99,-1.53,-2.34,0.45,4.24,2.86,3.18,6.62,5.21,3.01,-1.7,3.07,0.98
1997-02-28,-0.49,-2.58,4.73,0.39,-6.15,-0.27,1.14,0.01,0.45,2.09,4.99,-1.53,-2.34
1997-03-31,-5.03,-0.32,3.87,0.43,-8.44,-3.23,-1.82,-5.5,-2.61,-4.4,-0.49,-2.58,4.73
1997-04-30,4.04,-5.17,-0.99,0.43,-3.2,0.68,-0.18,6.72,4.5,1.65,-5.03,-0.32,3.87
1997-05-31,6.74,4.81,-4.4,0.49,15.56,9.79,7.9,7.01,5.84,5.92,4.04,-5.17,-0.99
1997-06-30,4.1,1.47,0.69,0.37,3.76,5.76,6.58,4.17,4.65,2.79,6.74,4.81,-4.4
1997-07-31,7.33,-2.44,-0.34,0.43,4.89,5.49,5.51,7.75,8.84,6.87,4.1,1.47,0.69
1997-08-31,-4.15,7.47,1.07,0.41,3.88,3.26,3.21,-5.77,-3.54,-2.36,7.33,-2.44,-0.34
1997-09-30,5.35,2.65,-0.18,0.44,8.86,7.91,7.9,5.07,6.02,5.54,-4.15,7.47,1.07
1997-10-31,-3.79,-0.8,2.2,0.42,-5.89,-3.47,-2.28,-3.51,-3.05,-2.7,5.35,2.65,-0.18
1997-11-30,2.99,-5.07,1.02,0.39,-3.18,-0.84,0.4,4.85,3.44,3.3,-3.79,-0.8,2.2
1997-12-31,1.32,-2.35,3.77,0.48,-2.13,1.09,2.18,1.01,2.95,4.38,2.99,-5.07,1.02
1998-01-31,0.14,-1.06,-1.78,0.43,-0.42,-1.51,-0.74,2.99,-2,-0.84,1.32,-2.35,3.77
1998-02-28,7.03,0.26,-0.72,0.39,8.31,7.14,7.22,7.22,7.89,6.6,0.14,-1.06,-1.78
1998-03-31,4.77,-1.17,1.69,0.39,4.54,4.54,4.83,4.6,5.5,6.78,7.03,0.26,-0.72
1998-04-30,0.73,0.44,0.34,0.43,0.78,1.46,2.26,1.18,1.62,0.26,4.77,-1.17,1.69
1998-05-31,-3.06,-3.55,4.2,0.4,-7.32,-4.65,-2.54,-2.58,-2.2,0.87,0.73,0.44,0.34
1998-06-30,3.18,-3.29,-1.86,0.41,0.69,-0.88,0.32,5.89,1.88,1.82,-3.06,-3.55,4.2
1998-07-31,-2.46,-4.92,-1.16,0.4,-7.69,-7.86,-6.67,-0.48,-3.16,-3.8,3.18,-3.29,-1.86
1998-08-31,-16.08,-5.72,5.29,0.43,-24.36,-18.85,-17.22,-14.61,-17.31,-11.27,-2.46,-4.92,-1.16
1998-09-30,6.15,-0.13,-3.85,0.46,8.73,5.52,2.84,7.72,3.96,5.86,-16.08,-5.72,5.29
1998-10-31,7.13,-3.18,-2.73,0.32,4.85,3.62,2.89,8.3,7.92,4.72,6.15,-0.13,-3.85
1998-11-30,6.09,1.17,-3.36,0.31,9.12,5.47,5.48,7.09,5.68,3.88,7.13,-3.18,-2.73
1998-12-31,6.15,-0.31,-4.72,0.38,6.66,3.34,2.8,8.7,1.82,3.16,6.09,1.17,-3.36
1999-01-31,3.5,0.88,-5.54,0.35,4.82,1.27,0.47,5.69,-0.66,-1.07,6.15,-0.31,-4.72
1999-02-28,-4.08,-5.52,1.61,0.35,-9.23,-6.97,-8.19,-4.26,-1.26,-2.2,3.5,0.88,-5.54
1999-03-31,3.45,-3.83,-2.93,0.43,0.06,0.18,-2.78,4.2,3.59,1.19,-4.08,-5.52,1.61
1999-04-30,4.34,3.16,2.44,0.37,10.14,9.83,8.74,1.7,9.48,7.99,3.45,-3.83,-2.93
1999-05-31,-2.46,3.66,2.71,0.34,1.43,1.55,4.43,-2.55,-0.81,-0.17,4.34,3.16,2.44
1999-06-30,4.77,3.45,-4.19,0.4,6.49,6.11,6.07,6.83,2.61,-1.13,-2.46,3.66,2.71
1999-07-31,-3.47,2.25,0.5,0.38,-1.26,-0.87,-0.56,-3.13,-3.49,-2.81,4.77,3.45,-4.19
1999-08-31,-1.38,-1.32,-0.92,0.39,-2.94,-3.16,-2.88,-0.25,-2.57,-2.2,-3.47,2.25,0.5
1999-09-30,-2.81,3.17,-2.99,0.39,0.63,-0.76,-2.57,-1.95,-5.53,-4.7,-1.38,-1.32,-0.92
1999-10-31,6.13,-6.75,-3.2,0.39,1.12,-0.66,-3.09,7.07,5.81,4.81,-2.81,3.17,-2.99
1999-11-30,3.37,7.73,-7.95,0.36,13.24,6.21,3.42,4.15,-2.55,-2.07,6.13,-6.75,-3.2
1999-12-31,7.72,7,-9.17,0.44,18.15,8.51,5.86,7.85,1.9,1.75,3.37,7.73,-7.95
2000-01-31,-4.73,4.36,0.22,0.41,0.58,-0.23,0.3,-4.76,-3.69,-4,7.72,7,-9.17
2000-02-29,2.45,22,-12.6,0.43,28.29,15.52,11.55,1.24,-4.57,-7.38,-4.73,4.36,0.22
2000-03-31,5.2,-16.39,7.63,0.47,-13.43,-3.76,-1.02,8.7,10.64,11.63,2.45,22,-12.6
2000-04-30,-6.4,-7.69,9.12,0.46,-14.25,-5.54,-4.56,-4.29,-1.17,4.29,5.2,-16.39,7.63
2000-05-31,-4.43,-4.83,3.7,0.5,-8.08,-5.52,-3.7,-3.43,1.05,-0.37,-6.4,-7.69,9.12
2000-06-30,4.64,13.7,-10.04,0.4,17.52,9.25,7.96,5.03,-5.88,-5.52,-4.43,-4.83,3.7
2000-07-31,-2.45,-2.79,8.5,0.48,-7.24,1.43,2.32,-2.98,3.41,4.5,4.64,13.7,-10.04
2000-08-31,7.14,-0.87,-1.24,0.5,8.54,5.67,6.32,7.56,8.42,7.23,-2.45,-2.79,8.5
2000-09-30,-5.44,-1.82,6.87,0.51,-7.08,-0.24,-1.06,-6.2,1.97,1.47,7.14,-0.87,-1.24
2000-10-31,-2.77,-3.65,4.77,0.56,-8.21,-1.15,-1.84,-2.19,0.96,1.02,-5.44,-1.82,6.87
2000-11-30,-10.73,-3.09,12.39,0.51,-16.25,-4.38,-2.46,-10.9,-3.02,0.15,-2.77,-3.65,4.77
2000-12-31,1.19,1.6,6.15,0.5,2.76,9.4,8.12,-0.28,9.28,6.61,-10.73,-3.09,12.39
2001-01-31,3.12,7.01,-5.71,0.54,12.52,5.25,6.49,3.77,1,-1.6,1.19,1.6,6.15
2001-02-28,-10.08,-1.14,13.84,0.39,-12.28,-0.5,0.48,-11.67,-0.5,3.31,3.12,7.01,-5.71
2001-03-31,-7.27,0.55,6.36,0.44,-7.34,-1.43,-1.16,-8.18,-1.74,-1.64,-10.08,-1.14,13.84
2001-04-30,7.95,0.25,-4.32,0.39,10.21,4.92,5.15,8.94,5.26,5.27,-7.27,0.55,6.36
2001-05-31,0.73,2.99,2.76,0.32,4.07,4.55,6.37,0.4,1.97,3.63,7.95,0.25,-4.32
2001-06-30,-1.93,6.38,-2.2,0.28,6.42,5.15,2.02,-1.91,-1.85,-1.8,0.73,2.99,2.76
2001-07-31,-2.13,-4.23,5.63,0.3,-9.51,-4.05,-1.03,-1.68,-1.36,1.09,-1.93,6.38,-2.2
2001-08-31,-6.46,2.14,3.39,0.31,-7.67,-2.34,-1.24,-6.98,-3.97,-6.67,-2.13,-4.23,5.63
2001-09-30,-9.26,-6.61,1.8,0.28,-17.25,-12.99,-14.37,-8.31,-8.9,-7.59,-6.46,2.14,3.39
2001-10-31,2.47,6.87,-7.06,0.22,11.16,5.08,4.41,3.31,0.73,-4.01,-9.26,-6.61,1.8
2001-11-30,7.54,0.38,0.69,0.17,9.25,7.16,8.89,8.28,5.86,10.01,2.47,6.87,-7.06
2001-12-31,1.6,5.1,0.44,0.15,6.69,6.83,6.96,0.75,2.97,1.35,7.54,0.38,0.69
2002-01-31,-1.44,1.08,3.44,0.14,-5.16,1.12,2.7,-0.86,-2,-1.82,1.6,5.1,0.44
2002-02-28,-2.29,-1.62,3.92,0.13,-8.17,-1.32,-0.4,-2.6,0.1,-2.55,-1.44,1.08,3.44
2002-03-31,4.24,4.32,1.15,0.13,9.02,7.51,10.07,3.62,5.17,4.91,-2.29,-1.62,3.92
2002-04-30,-5.2,5.84,4.2,0.15,-3.57,2.72,3.96,-6.94,-1.49,-6.05,4.24,4.32,1.15
2002-05-31,-1.38,-3.73,2.55,0.14,-6.51,-3.67,-2.52,-1.36,0.1,-0.27,-5.2,5.84,4.2
2002-06-30,-7.21,3.48,1.55,0.13,-7.6,-2.79,-2.42,-7.34,-6.55,-9.41,-1.38,-3.73,2.55
2002-07-31,-8.18,-5.15,-3.65,0.15,-14.49,-14.3,-14.87,-5.96,-9.42,-12.84,-7.21,3.48,1.55
2002-08-31,0.5,-2.25,2.21,0.14,-0.65,0.61,-0.8,0.25,0.8,4.88,-8.18,-5.15,-3.65
2002-09-30,-10.35,2.7,1.23,0.14,-8.64,-7.67,-6.58,-10.58,-10.22,-10.18,0.5,-2.25,2.21
2002-10-31,7.83,-3.06,-6.45,0.14,6.82,4.37,-0.22,9.71,6.44,3.76,-10.35,2.7,1.23
2002-11-30,5.96,3.19,-1.62,0.12,13.92,7.52,7.72,5,6.59,8.07,7.83,-3.06,-6.45
2002-12-31,-5.76,-0.47,3.9,0.11,-9.12,-4.11,-3.31,-6.28,-4.59,-4.31,5.96,3.19,-1.62
2003-01-31,-2.57,1.39,-0.86,0.1,-2.33,-2.41,-1.37,-2.67,-2.26,-5.38,-5.76,-0.47,3.9
2003-02-28,-1.89,-0.26,-1.43,0.09,-3.57,-2.38,-3.29,-1.01,-3.26,-4.21,-2.57,1.39,-0.86
2003-03-31,1.09,0.79,-1.68,0.1,2.03,0.58,0.94,1.7,0.1,-0.55,-1.89,-0.26,-1.43
2003-04-30,8.22,1.14,-0.04,0.1,11.24,9.46,9.11,7.64,9.08,9.66,1.09,0.79,-1.68
2003-05-31,6.05,4.7,0.18,0.09,13.14,10.74,10.38,4.99,6.9,8.04,8.22,1.14,-0.04
2003-06-30,1.42,1.53,0.68,0.1,2.41,2.48,3.59,1.21,1.34,1.4,6.05,4.7,0.18
2003-07-31,2.34,5.55,-2.11,0.07,8.38,6.23,6.32,2.32,1.73,0.16,1.42,1.53,0.68
2003-08-31,2.34,2.66,1.71,0.07,4.63,4.97,6.15,1.79,2.24,3.71,2.34,5.55,-2.11
2003-09-30,-1.23,0.57,1.01,0.08,-1.82,-1.68,0.9,-0.8,-1.93,-1.52,2.34,2.66,1.71
2003-10-31,6.08,2.9,1.8,0.07,8.25,8.27,10.83,5.11,7.44,6.13,-1.23,0.57,1.01
2003-11-30,1.35,2.2,1.46,0.07,2.86,3.94,4.51,0.84,1.71,2.12,6.08,2.9,1.8
2003-12-31,4.3,-2.79,2.68,0.08,0.78,2.35,4.07,4.29,4.9,6.36,1.35,2.2,1.46
2004-01-31,2.15,2.62,1.64,0.07,3.95,4.35,6.06,1.59,2.11,2.76,4.3,-2.79,2.68
2004-02-29,1.4,-1.16,0.41,0.06,0.42,0.69,0.75,1.2,2.42,1.7,2.15,2.62,1.64
2004-03-31,-1.33,1.84,0.05,0.09,1.03,0.59,0.41,-1.83,-0.56,-1.11,1.4,-1.16,0.41
2004-04-30,-1.83,-2.55,-1.68,0.08,-3.62,-3.43,-6.06,-0.68,-3.18,-1.62,-1.33,1.84,0.05
2004-05-31,1.18,-0.15,-0.3,0.06,1.06,1.02,0.75,1.39,0.8,1.12,-1.83,-2.55,-1.68
2004-06-30,1.86,2.28,1.67,0.08,3.45,4.36,5.26,1.22,2.18,2.71,1.18,-0.15,-0.3
2004-07-31,-4.07,-3.82,4.44,0.1,-9.91,-5.27,-4.35,-4.9,-1.67,-1.51,1.86,2.28,1.67
2004-08-31,0.08,-1.57,1.18,0.11,-2.12,-0.27,-0.82,-0.18,0.95,0.78,-4.07,-3.82,4.44
2004-09-30,1.61,2.87,0.33,0.11,5.53,4.89,3.9,0.54,2.24,2.89,0.08,-1.57,1.18
2004-10-31,1.43,0.43,-0.82,0.11,3.21,1.13,1.48,1.76,0.97,1.8,1.61,2.87,0.33
2004-11-30,4.54,4.14,1.89,0.15,8.15,8.63,9.94,3.45,5.24,5.52,1.43,0.43,-0.82
2004-12-31,3.43,0.19,-0.35,0.16,4.29,2.57,3.95,4.03,2.56,3.66,4.54,4.14,1.89
2005-01-31,-2.75,-1.68,2.6,0.16,-5.74,-3.16,-2.09,-2.95,-1.79,-1.29,3.43,0.19,-0.35
2005-02-28,1.89,-0.73,2.81,0.16,0.43,2.07,3.7,0.81,4.34,3.21,-2.75,-1.68,2.6
2005-03-31,-1.96,-1.36,1.76,0.21,-4.05,-2.36,-1.78,-1.23,-2.81,0,1.89,-0.73,2.81
2005-04-30,-2.61,-4,-0.44,0.21,-6.41,-5.79,-6.36,-1.34,-2.91,-2.31,-1.96,-1.36,1.76
2005-05-31,3.65,3,-1.23,0.24,7.37,6.24,5.54,3.93,2.93,3.31,-2.61,-4,-0.44
2005-06-30,0.56,2.56,2.78,0.23,2.61,4.21,4.52,-0.97,1.96,2.67,3.65,3,-1.23
2005-07-31,3.92,2.79,-0.43,0.24,6.62,6.94,6.13,4.63,2.55,4.22,0.56,2.56,2.78
2005-08-31,-1.22,-0.9,1.43,0.3,-2.08,-1.4,-0.87,-1.64,-0.06,-0.02,3.92,2.79,-0.43
2005-09-30,0.48,-0.68,1.14,0.29,0.51,0.58,0.46,-0.24,1.72,2.12,-1.22,-0.9,1.43
2005-10-31,-2,-1.02,-0.71,0.27,-3.63,-2.8,-2.46,-0.27,-2.69,-2.84,0.48,-0.68,1.14
2005-11-30,3.62,1.05,-1.87,0.31,5.14,4.77,3.44,4.27,3.82,2.26,-2,-1.02,-0.71
2005-12-31,-0.25,-0.51,0.48,0.32,-0.21,-0.16,-0.35,-0.66,1.04,0.43,3.62,1.05,-1.87
2006-01-31,3.04,5.32,1.14,0.35,8.63,9.5,7.69,1.26,4.03,4.54,-0.25,-0.51,0.48
2006-02-28,-0.3,-0.33,-0.88,0.34,-0.35,-0.32,-0.66,0.33,0.35,-1.08,3.04,5.32,1.14
2006-03-31,1.46,3.56,-0.11,0.37,4.27,5.47,4.85,1.58,1.54,0.78,-0.3,-0.33,-0.88
2006-04-30,0.72,-1.23,3.06,0.36,-0.74,0.95,1.59,-0.31,2.3,3.52,1.46,3.56,-0.11
2006-05-31,-3.57,-3.03,2.82,0.43,-7.65,-4.6,-3.93,-3.12,-2.67,-1.29,0.72,-1.23,3.06
2006-06-30,-0.35,-0.5,1.49,0.4,-0.6,0.17,0.27,-0.37,0.03,1.78,-3.57,-3.03,2.82
2006-07-31,-0.78,-3.96,3.29,0.4,-5.82,-2.79,-1.86,-1.21,1.34,1.37,-0.35,-0.5,1.49
2006-08-31,2.03,0.78,-1.76,0.42,3.24,2.68,2.44,3.47,1.65,0.76,-0.78,-3.96,3.29
2006-09-30,1.84,-1.23,-0.4,0.41,0.97,1.19,0.93,2.69,2.22,1.89,2.03,0.78,-1.76
2006-10-31,3.23,1.64,0.47,0.41,5.91,5.01,5.11,3.14,3.06,4.9,1.84,-1.23,-0.4
2006-11-30,1.71,0.73,0.44,0.42,2.64,2.68,3.12,1.44,2.76,1.92,3.23,1.64,0.47
2006-12-31,0.87,-0.92,2.5,0.4,-0.57,0.8,2.14,0.43,1.85,2.75,1.71,0.73,0.44
2007-01-31,1.41,0.07,-0.06,0.44,2.19,1,2.46,2.28,1.14,1.96,0.87,-0.92,2.5
2007-02-28,-1.95,1.39,0.22,0.38,-0.21,-0.37,-0.31,-2,-1.59,-1.43,1.41,0.07,-0.06
2007-03-31,0.68,-0.29,0.4,0.43,1.31,1.37,0.6,0.61,1.35,2.1,-1.95,1.39,0.22
2007-04-30,3.49,-2.13,-0.98,0.44,2.32,1.93,1.74,4.88,3.86,3.53,0.68,-0.29,0.4
2007-05-31,3.24,-0.03,-0.08,0.41,4.14,4.08,2.78,2.98,4.04,4.09,3.49,-2.13,-0.98
2007-06-30,-1.96,0.71,-1.05,0.4,-0.69,-0.9,-1.66,-1.2,-1.98,-2.34,3.24,-0.03,-0.08
2007-07-31,-3.74,-2.74,-3.01,0.4,-4.89,-5.81,-7.82,-1.59,-4.28,-4.64,-1.96,0.71,-1.05
2007-08-31,0.92,-0.16,-2.38,0.42,1.72,2.16,-0.87,1.63,2.31,-0.51,-3.74,-2.74,-3.01
2007-09-30,3.23,-2.48,-2.14,0.32,2.66,0.85,-0.28,4.56,2.83,3.24,0.92,-0.16,-2.38
2007-10-31,1.8,0.18,-2.02,0.32,3.63,1.68,0.92,2.98,0.87,1.75,3.23,-2.48,-2.14
2007-11-30,-4.82,-2.78,-1.07,0.34,-6.75,-6.99,-7.73,-3.44,-5.07,-4.64,1.8,0.18,-2.02
2007-12-31,-0.86,0.05,-0.03,0.27,0.26,-0.84,-0.74,-0.44,-1.55,0.52,-4.82,-2.78,-1.07
2008-01-31,-6.35,-0.8,3.06,0.21,-8.17,-5.84,-4.65,-7.26,-4.4,-4.68,-0.86,0.05,-0.03
2008-02-29,-3.09,-0.56,-0.03,0.13,-4.11,-2.95,-3.69,-2.37,-3.88,-2.86,-6.35,-0.8,3.06
2008-03-31,-0.94,0.86,0.22,0.17,-1.38,1.05,0.05,0.51,-2.92,-0.37,-3.09,-0.56,-0.03
2008-04-30,4.6,-1.51,-0.01,0.18,4.85,2.91,2.94,3.98,5.35,5.83,-0.94,0.86,0.22
2008-05-31,1.86,2.99,-0.3,0.18,5.08,5.47,3.57,2.26,-0.17,3.1,4.6,-1.51,-0.01
2008-06-30,-8.44,1.1,-1.03,0.17,-7.57,-7.75,-7.76,-7.32,-9.8,-9.16,1.86,2.99,-0.3
2008-07-31,-0.77,3.58,3.66,0.15,2.75,2.58,5.49,-0.81,-2.92,3.82,-8.44,1.1,-1.03
2008-08-31,1.53,3.7,1.44,0.13,3.07,4.17,7.01,1.57,0.84,0.59,-0.77,3.58,3.66
2008-09-30,-9.24,-0.3,4.41,0.15,-10.87,-7,-7.13,-9.62,-9.79,-4.56,1.53,3.7,1.44
2008-10-31,-17.23,-2.25,-2.94,0.08,-21.83,-19.35,-20.33,-15.05,-17.08,-22.54,-9.24,-0.3,4.41
2008-11-30,-7.86,-3.61,-4.92,0.03,-11.99,-11.1,-14.43,-6.28,-6.66,-13.7,-17.23,-2.25,-2.94
2008-12-31,1.66,3.96,-1.23,0.09,5.53,4.02,5.37,2.21,0.84,-0.03,-7.86,-3.61,-4.92
2009-01-31,-8.12,-0.98,-9.78,0,-7.52,-10.5,-15.94,-4.57,-10.58,-15.86,1.66,3.96,-1.23
2009-02-28,-10.09,-0.33,-6.85,0.01,-9.82,-11.39,-15.36,-7.27,-12.72,-15.53,-8.12,-0.98,-9.78
2009-03-31,8.95,0.71,2.53,0.02,9.13,10.12,11.42,8.09,9.41,10.99,-10.09,-0.33,-6.85
2009-04-30,10.19,5.37,5.39,0.01,16.2,16.69,18.12,7.34,11.2,16.27,8.95,0.71,2.53
2009-05-31,5.21,-2.63,0.54,0,3.54,3.19,2.42,4.22,6.47,6.45,10.19,5.37,5.39
2009-06-30,0.43,2.65,-2.46,0.01,5.23,1.06,1.53,1.48,-1.97,0.3,5.21,-2.63,0.54
2009-07-31,7.72,2.48,4.74,0.01,6.85,10.16,14.45,6.79,8.52,8.66,0.43,2.65,-2.46
2009-08-31,3.32,-0.52,7.59,0.01,0.96,3.04,9.17,1.93,3.9,8.88,7.72,2.48,4.74
2009-09-30,4.08,2.47,1.41,0.01,6.78,5.73,7.83,3.58,4.03,5.33,3.32,-0.52,7.59
2009-10-31,-2.59,-4.2,-4.39,0,-6.78,-6.43,-9.42,-0.58,-2.72,-6.68,4.08,2.47,1.41
2009-11-30,5.56,-2.65,0.17,0,1.74,2.04,4.32,6.71,4.88,4.47,-2.59,-4.2,-4.39
2009-12-31,2.75,5.77,0.76,0.01,8.46,8.3,8.57,1.93,2.76,3.27,5.56,-2.65,0.17
2010-01-31,-3.36,0.2,0.61,0,-3.75,-2.73,-2.96,-3.97,-2.5,-3.55,2.75,5.77,0.76
2010-02-28,3.4,1.43,2.73,0,3.62,4.13,7.55,3.14,3.17,4.68,-3.36,0.2,0.61
2010-03-31,6.32,1.57,2.06,0.01,7.37,8.09,9.04,5.4,6.58,7.79,3.4,1.43,2.73
2010-04-30,2,4.93,3.14,0,4.65,6.26,9.41,0.9,2.16,2.45,6.32,1.57,2.06
2010-05-31,-7.89,-0.09,-2.34,0.01,-6.53,-7.22,-10.46,-7.46,-8.31,-8.18,2,4.93,3.14
2010-06-30,-5.56,-2.12,-4.27,0.01,-6.11,-7.68,-10.92,-4.71,-5.19,-8.43,-7.89,-0.09,-2.34
2010-07-31,6.92,0.13,0.2,0.01,6.83,6.61,7.69,6.81,7.43,6.39,-5.56,-2.12,-4.27
2010-08-31,-4.77,-2.89,-1.7,0.01,-6.9,-7.95,-8.31,-4.14,-4.19,-6,6.92,0.13,0.2
2010-09-30,9.54,3.83,-3.05,0.01,14.04,12.56,11,10.06,8.95,7.06,-4.77,-2.89,-1.7
2010-10-31,3.88,1.03,-2.28,0.01,4.66,4.08,3.74,4.73,3.57,1.05,9.54,3.83,-3.05
2010-11-30,0.6,3.66,-0.51,0.01,3.15,4.31,3.56,0.58,0.37,-0.92,3.88,1.03,-2.28
2010-12-31,6.82,0.75,3.6,0.01,7.32,8.07,9.61,4.94,7.92,9.81,0.6,3.66,-0.51
2011-01-31,2.01,-2.46,0.84,0.01,-0.4,-0.03,0.45,1.91,2.7,2.78,6.82,0.75,3.6
2011-02-28,3.49,1.65,1.67,0.01,4.96,5.16,6.15,2.57,4.1,4.72,2.01,-2.46,0.84
2011-03-31,0.48,2.59,-1.19,0.01,3.24,2.46,2.31,0.09,1.49,-1.43,3.49,1.65,1.67
2011-04-30,2.9,-0.3,-2.27,0,3.43,2.01,1.33,3.83,2.45,1.44,0.48,2.59,-1.19
2011-05-31,-1.27,-0.66,-2.14,0,-1.19,-2.29,-3.33,-0.54,-1.48,-2.82,2.9,-0.3,-2.27
2011-06-30,-1.75,-0.08,-0.45,0,-1.63,-2,-1.92,-1.48,-1.79,-2.03,-1.27,-0.66,-2.14
2011-07-31,-2.34,-1.44,-1.12,0,-4.17,-4.13,-3.51,-0.81,-2.95,-3.87,-1.75,-0.08,-0.45
2011-08-31,-6,-3.29,-1.46,0.01,-9.09,-9.19,-9.66,-4.21,-7.06,-6.76,-2.34,-1.44,-1.12
2011-09-30,-7.6,-3.71,-0.91,0,-10.99,-11.4,-11.12,-6.42,-7.63,-8.42,-6,-3.29,-1.46
2011-10-31,11.34,3.57,-1.02,0,15.5,15.81,12.98,10.19,12.44,10.92,-7.6,-3.71,-0.91
2011-11-30,-0.26,-0.25,-0.1,0,-1.42,-0.37,-0.07,-0.14,0.89,-1.84,11.34,3.57,-1.02
2011-12-31,0.74,-0.55,1.54,0,-0.2,0.71,1.09,-0.26,2.06,1.51,-0.26,-0.25,-0.1
2012-01-31,5.06,2.53,-2.21,0,7.95,6.99,5.98,6.05,3.56,3.74,0.74,-0.55,1.54
2012-02-29,4.43,-1.61,-0.03,0,3.55,2.39,2.86,4.54,3.88,5.32,5.06,2.53,-2.21
2012-03-31,3.11,-0.22,-0.03,0,2.61,2.9,2.83,3.96,1.45,3.6,4.43,-1.61,-0.03
2012-04-30,-0.84,-0.61,-0.19,0,-1.23,-2.06,-0.97,-0.57,-0.66,-1.22,3.11,-0.22,-0.03
2012-05-31,-6.2,-0.09,0.17,0.01,-6.57,-6.42,-5.79,-5.88,-6.16,-6.46,-0.84,-0.61,-0.19
2012-06-30,3.88,0.83,0.39,0,5.88,4.24,4.77,3.03,4.34,5.06,-6.2,-0.09,0.17
2012-07-31,0.79,-2.57,-0.03,0,-2.97,-1.08,-1.44,1.27,1.24,-0.23,3.88,0.83,0.39
2012-08-31,2.56,0.73,0.56,0.01,3.28,3.37,3.57,2.69,1.78,3.58,0.79,-2.57,-0.03
2012-09-30,2.74,0.45,1.59,0.01,3.24,3.6,3.87,1.73,3.29,4.24,2.56,0.73,0.56
2012-10-31,-1.75,-1.04,4.08,0.01,-3.86,-1.28,-0.43,-2.87,-1.51,2.03,2.74,0.45,1.59
2012-11-30,0.77,0.69,-1.12,0.01,0.75,0.82,1.07,1.57,0,-0.93,-1.75,-1.04,4.08
2012-12-31,1.18,1.63,3.26,0.01,2.55,3.79,4.3,-0.15,1.13,4.67,0.77,0.69,-1.12
2013-01-31,5.58,0.52,1.32,0,6.61,6.08,6.52,4.63,5.69,7.42,1.18,1.63,3.26
2013-02-28,1.28,-0.42,0.4,0,1.09,0.58,1.43,1.19,1.59,1.46,5.58,0.52,1.32
2013-03-31,4.03,0.88,-0.04,0,5.3,4.23,4.88,3.71,4.17,4.02,1.28,-0.42,0.4
2013-04-30,1.56,-2.4,0.39,0,-0.81,-0.65,-0.38,1.81,1.52,2.1,4.03,0.88,-0.04
2013-05-31,2.81,1.9,1.26,0,5.23,5.39,4.65,2.14,2.01,5.34,1.56,-2.4,0.39
2013-06-30,-1.21,1.21,-0.44,0,0.53,-0.27,-0.54,-2.03,-0.07,-1.87,2.81,1.9,1.26
2013-07-31,,,,,7.3,7.09,8.02,5.53,4.93,6.4,-1.21,1.21,-0.44
2013-08-31,,,,,-1.17,-3.64,-3.51,-1.69,-3.19,-4.26,,,
