date,small-low,small-2,small-high,big-low,big-2,big-high
1926-07-01,1.53,0.71,0.18,5.74,1.91,1.94
1926-08-01,-0.59,2.39,5.57,2.75,2.68,5.74
1926-09-01,-2.32,-0.04,-0.47,1.42,0.09,-0.6
1926-10-01,-3.83,-4.67,-1.47,-3.64,-2.33,-3.96
1926-11-01,2.92,3.81,1.8,3.26,2.85,3.13
1926-12-01,2.4,1.86,3.27,2.87,2.69,2.33
1927-01-01,-0.75,-0.15,4.18,-0.23,0.01,4.09
1927-02-01,3.19,6.97,6.49,5.12,3.51,7.91
1927-03-01,-1.76,-1.26,-2.92,1.68,-0.03,-2.5
1927-04-01,-1.16,0.3,3.85,3.14,-0.76,-0.36
1927-05-01,5.62,3.42,13.37,5.18,5.3,6.97
1927-06-01,-0.21,0.86,-3.99,-0.77,-3.08,-1.98
1927-07-01,4.3,5.14,3.93,8.82,6.71,7.27
1927-08-01,2.29,-2.05,0.96,4.84,1.25,-1.96
1927-09-01,2.39,2.44,0.2,5.12,4.43,5.96
1927-10-01,-0.28,-2.17,-5.72,-4.21,-4.34,-6.62
1927-11-01,10.7,7.72,9.89,7.7,6.7,6.63
1927-12-01,5.21,2.85,2.24,3.37,1.82,3.48
1928-01-01,3.29,3.01,3.43,-0.64,-0.4,-2.31
1928-02-01,-4.97,-1.89,-4.11,-0.63,-1.18,-2.73
1928-03-01,7.26,8.92,9.4,11.99,6.14,7.83
1928-04-01,4.21,10.71,10.08,2.86,5.92,4.5
1928-05-01,7.23,2.45,1.98,3.05,-0.1,0.64
1928-06-01,-8.35,-8.38,-7.03,-3.89,-4.12,-5.42
1928-07-01,-0.8,-0.87,-0.27,1.26,0.15,0.59
1928-08-01,4.86,6.89,3.75,8.33,5.47,5.66
1928-09-01,4.17,3.91,6.17,3.47,2.04,4.27
1928-10-01,6.62,2.99,1.29,1.14,1.61,0.5
1928-11-01,6.53,10.63,12.27,11.38,13.43,11.97
1928-12-01,0.02,-1.28,-0.24,0.66,0.06,0.8
1929-01-01,1.14,2.26,1.44,5.74,5.01,1.69
1929-02-01,0.04,1.34,1.48,-0.83,1.02,0.39
1929-03-01,-5.97,-3.24,-4.47,-1.74,2.31,-1.06
1929-04-01,-0.55,3.19,0.83,1.93,1.24,2.25
1929-05-01,-9.76,-9.14,-12.66,-6.41,-4.74,-0.86
1929-06-01,6.78,9.98,6.6,12.03,9.47,6.39
1929-07-01,0.25,-1.12,2.59,3.66,5.89,5.34
1929-08-01,-0.75,-0.39,0.16,7.05,12.53,5.37
1929-09-01,-3.59,-4.25,-3.67,-4.66,-4.76,-6.37
1929-10-01,-20.69,-18.75,-18.78,-24.18,-13.73,-10.24
1929-11-01,-15.7,-9.93,-12.62,-14.07,-10.86,-6.88
1929-12-01,-4.7,-2.47,-1.15,3.65,0.66,1.14
1930-01-01,8.84,8.71,8.14,6.89,3.14,2.59
1930-02-01,2.96,0.69,4.1,3.19,1.67,1.55
1930-03-01,9.45,11.44,10.42,6.96,8.3,5.48
1930-04-01,-6.11,-1.45,-5.32,-2.31,-2.42,-6.44
1930-05-01,-3.37,-2.51,-3.22,0.43,-1.88,-1.77
1930-06-01,-17.65,-16.2,-18.67,-17.62,-12.97,-12.34
1930-07-01,8.05,3.81,2.35,3.99,4.13,5.55
1930-08-01,-3.62,-2.02,-2.16,1.2,-0.74,-1.77
1930-09-01,-14.59,-14.51,-18.49,-12.15,-11.69,-17.59
1930-10-01,-10.63,-8.18,-10.72,-9.57,-7.38,-11.47
1930-11-01,-0.38,-2.15,-2.67,-1.96,-2.94,-6.37
1930-12-01,-10.71,-11.38,-17.66,-5.93,-9.1,-10.21
1931-01-01,10.33,11.18,15.71,4.84,7.01,14.13
1931-02-01,13.11,11.1,16.37,13.05,6.74,12.66
1931-03-01,-3.92,-2.85,-6.65,-4.43,-10.44,-8.72
1931-04-01,-13.21,-13.52,-17.87,-9.02,-11.1,-11.36
1931-05-01,-9.72,-8.28,-13.82,-11.31,-16.03,-20.35
1931-06-01,10.63,7.64,20,13.02,16.5,24.81
1931-07-01,-7.13,-9.68,-5.82,-4.95,-10.1,-12.52
1931-08-01,-1.77,-1.07,-3.26,0.87,-1.68,-0.05
1931-09-01,-27.12,-30.8,-33.63,-28.18,-27.69,-35.46
1931-10-01,4.58,9.27,5.3,9.23,3.44,11.1
1931-11-01,-5.73,-7.27,-9.5,-6.38,-15.98,-15.47
1931-12-01,-16.14,-16.63,-22.76,-11.33,-18.43,-21.06
1932-01-01,1.23,4.84,11.53,-3.55,2.16,7.98
1932-02-01,2.65,0.52,1.57,7.07,1.41,0.82
1932-03-01,-14.08,-9.5,-11.31,-9.89,-15.1,-13.91
1932-04-01,-19.5,-16.26,-16.09,-17.68,-20.06,-19.74
1932-05-01,-15.82,-24.05,-16.78,-19.62,-25.8,-25.49
1932-06-01,-0.94,5.5,1.08,-1.66,-0.64,8.52
1932-07-01,29.53,35.84,65.03,27.78,48.78,66.9
1932-08-01,57.92,52.45,82.01,30.81,50.85,62.53
1932-09-01,-2.83,-4.47,-12.73,-1.55,-6.28,-4.69
1932-10-01,-15.97,-19.57,-23.61,-10.55,-17.46,-23.36
1932-11-01,-2,-8.29,-13.1,-2.37,-8.99,-16.1
1932-12-01,-8.39,-4.87,-11,6.97,1.03,-4.37
1933-01-01,0.87,1.69,8.1,-0.05,3,9.56
1933-02-01,-18.59,-17.84,-21.27,-14.65,-16.49,-17.27
1933-03-01,8.65,5.84,16.1,1.04,9.74,6.91
1933-04-01,44.06,53.83,57.27,32.35,51.63,57.3
1933-05-01,65.88,63.13,71.51,16.96,26.5,41.59
1933-06-01,32.82,22.32,18.74,11.51,15.46,21.89
1933-07-01,-13.16,-11.64,-7.94,-8.94,-12.97,-9.37
1933-08-01,10.51,10.08,8.21,10.54,15.99,18.39
1933-09-01,-7.14,-13.47,-21.17,-9.06,-12.1,-20.2
1933-10-01,-8.35,-12.42,-13.96,-6.13,-10.66,-17.97
1933-11-01,5.34,4.57,6.11,9.59,12.45,12.61
1933-12-01,4.77,2.85,0.15,2.32,2.14,3.17
1934-01-01,20.54,29.71,38.19,10.52,16.42,25.23
1934-02-01,-0.64,0.63,6.21,-2.19,-3.27,-3.48
1934-03-01,5.12,1.75,-0.6,0.06,0.07,-1.2
1934-04-01,3.67,-1.33,-2.66,-1.71,-2.21,-4.88
1934-05-01,-7.7,-9.93,-12.27,-6.21,-8.32,-14.31
1934-06-01,3.62,-0.26,-2.38,2.61,2.38,3.26
1934-07-01,-18.3,-20.69,-24.57,-8.21,-11.9,-23.15
1934-08-01,12.07,8.86,11.52,6.56,4.35,5.72
1934-09-01,-2.15,0.43,-3.48,-0.39,-0.17,-0.05
1934-10-01,-1.07,-1.44,-3.92,-0.58,-2.76,-7.53
1934-11-01,20.09,15.42,12.95,10.39,5.01,10.85
1934-12-01,3.97,1.98,2.06,0.71,0.47,-2.25
1935-01-01,-6.74,-3.2,-3.52,-2.83,-2.99,-9.17
1935-02-01,-3.77,-4.21,-6.06,-0.85,-1.73,-13.11
1935-03-01,-5.6,-7.37,-11.52,-3.11,-3.3,-7.93
1935-04-01,6.76,8.42,10.61,7.84,9.95,13.11
1935-05-01,-2.28,1.32,1.59,3.26,4.4,4.06
1935-06-01,-3.39,6.52,0.34,5.82,5.72,8.09
1935-07-01,10.03,12.93,12.86,6.93,6.23,17.21
1935-08-01,3.66,9.03,15.63,2.5,2.24,3.35
1935-09-01,5.67,5.85,-1.94,4.43,0.7,1.84
1935-10-01,10.62,10.87,8.34,6.98,8,5.6
1935-11-01,6.83,9.75,19.69,2.88,5.62,14.56
1935-12-01,7.16,9.78,2.53,2.97,5.91,8.67
1936-01-01,10.74,8.58,23.29,2.78,9.48,12.01
1936-02-01,3.36,6.28,5.45,1.93,2.74,7.54
1936-03-01,-0.26,2.82,1.25,2.81,0.1,-1.48
1936-04-01,-14.65,-13.7,-15.86,-6.72,-8.28,-10.22
1936-05-01,5.01,4.98,8.67,4.71,5.11,6.55
1936-06-01,-2.76,0.8,-1.06,3.6,2.27,0.21
1936-07-01,10.22,7.76,10.48,5.64,6.73,11.23
1936-08-01,0.14,2.54,4.38,0.34,0.98,3.96
1936-09-01,2.49,5.04,4.3,1.48,0.84,0.89
1936-10-01,4.06,6.33,6.63,6.26,8.98,8.3
1936-11-01,11.31,9.13,11.97,3.76,2.86,-0.58
1936-12-01,2.13,3.35,5.78,-2.15,2.24,2.2
1937-01-01,7.28,7.07,9.56,3.62,1.46,6.67
1937-02-01,3.34,2.08,6.92,-0.24,0.57,8.45
1937-03-01,-3.36,0.02,0.8,-1.79,-0.25,7.05
1937-04-01,-9.63,-11.45,-13.48,-6.7,-6.11,-11.11
1937-05-01,0.32,-0.98,-4.68,-0.25,-0.8,-2.75
1937-06-01,-7.4,-7.44,-10.57,-4.16,-2.81,-7.62
1937-07-01,10.84,10.16,10.44,9.01,8.02,11.09
1937-08-01,-4.45,-5.23,-5.56,-4.38,-4.57,-7.93
1937-09-01,-20.68,-20.58,-23.08,-12.11,-12.87,-18.24
1937-10-01,-11.19,-9.75,-9.72,-10.02,-7.65,-14.23
1937-11-01,-11.87,-11.91,-12.12,-8.85,-7.59,-8.47
1937-12-01,-13.82,-10.69,-13.06,-3.75,-3.08,-7.12
1938-01-01,4.97,6.87,4.01,1.34,-0.13,-0.88
1938-02-01,8.79,5.94,4.66,5.92,5.68,5.71
1938-03-01,-29.96,-28.45,-30.39,-23.11,-22.51,-30.26
1938-04-01,21.86,20.47,20.42,13.34,14.42,15.76
1938-05-01,-7.27,-7.79,-5.68,-3.76,-3.67,-5.38
1938-06-01,31.41,29.88,28.07,25.59,20.97,29.24
1938-07-01,13.88,14.38,15.02,6.82,7.44,8.53
1938-08-01,-5.12,-5.23,-9.1,-0.58,-6.15,-5.14
1938-09-01,-2.07,-2.34,-2.79,1.26,0.52,-0.48
1938-10-01,14,15.33,16.36,6.79,6.98,14.97
1938-11-01,-5.69,-1.99,-6.29,-1.1,-2.17,-3.22
1938-12-01,5.33,4.4,1.86,3.23,4.49,8.3
1939-01-01,-7.79,-9.37,-9.9,-5.17,-6.31,-9.79
1939-02-01,3.5,5.11,6.41,3.31,2.9,7.13
1939-03-01,-18.22,-18.93,-23.14,-9.77,-13.54,-20.58
1939-04-01,-0.44,0.17,2.26,-0.17,-0.11,-2.4
1939-05-01,11.41,9.4,9.53,6.91,5.45,8.96
1939-06-01,-6.78,-8.31,-11.19,-4.41,-6.45,-10.8
1939-07-01,15.73,16.33,13.96,11.18,8.54,13.79
1939-08-01,-12.43,-11.84,-12.71,-6.11,-6.01,-10.85
1939-09-01,37.01,39.84,53.87,13.12,16.88,40.78
1939-10-01,0.57,-0.74,-4.67,0.17,-0.84,-4.32
1939-11-01,-7.98,-9.28,-13.28,-2.57,-3.7,-9.72
1939-12-01,5.96,2.61,0.24,3.67,2.4,1.05
1940-01-01,-4.48,-2.25,-2.65,-2.1,-2.52,-5.2
1940-02-01,4.24,3.99,2.9,1.01,1.46,1.47
1940-03-01,4.71,2.93,2.31,2.4,1.5,2.28
1940-04-01,4.42,3.2,4.15,0.06,-0.01,0.3
1940-05-01,-26.93,-27.33,-32.43,-21.88,-20.89,-24.74
1940-06-01,3.61,5,7.93,4.92,8.29,10.52
1940-07-01,5.28,4.84,3.46,3.42,3.06,3.23
1940-08-01,2.94,3.16,1.99,2.15,1.73,3.66
1940-09-01,6.08,4.86,4.82,3.12,1.2,1.03
1940-10-01,3.62,6.16,5.15,0.94,6.2,8.42
1940-11-01,0.2,0.62,0.27,-1.87,-1.33,-0.56
1940-12-01,-0.44,-1.04,-2.78,0.6,0.94,0.53
1941-01-01,-4.49,-2.91,0.1,-4.93,-3.81,-1.7
1941-02-01,-3.68,-1.73,-2.59,-1.85,-1.41,-0.42
1941-03-01,0.28,1.39,3.93,0.52,1.28,3.1
1941-04-01,-7.77,-5.65,-5.16,-6.3,-4.61,-1.91
1941-05-01,1.57,1.05,1.01,1.09,2.65,2.24
1941-06-01,4.69,6.35,8.52,6.22,5.56,3.14
1941-07-01,10.53,10.81,18.89,3.82,7.99,10.67
1941-08-01,-1.25,-1.99,-0.75,0.82,-0.99,-1.97
1941-09-01,-3.19,-1.8,-1.94,-0.06,-2.28,-1.26
1941-10-01,-5.91,-6.34,-6.22,-5.89,-3.43,-2.33
1941-11-01,-1.22,-3.54,-3.17,-2.08,-0.8,-1.04
1941-12-01,-5.69,-8.7,-12.55,-4.54,-3.76,-9.39
1942-01-01,7.03,10.3,14.97,-1.99,0.72,10.55
1942-02-01,0.62,-0.89,-1.94,-2.35,-2.86,-2.06
1942-03-01,-5,-3.37,-6,-5.97,-7.59,-5.76
1942-04-01,-6.37,-3.81,-3.83,-4.55,-4.33,-3.15
1942-05-01,0.32,2.63,1.2,7.45,5.03,0.53
1942-06-01,1.07,1.52,2.47,3,2.68,2.42
1942-07-01,5.08,3.83,4.87,2.63,4.32,7.62
1942-08-01,1.96,2.48,2.44,1.79,1.75,4.16
1942-09-01,1.95,2.68,6.05,2.5,2.83,3.61
1942-10-01,8.37,7.96,14.65,5.21,7.87,12.13
1942-11-01,-1.06,-2.37,-4.1,1.16,0.25,-4.44
1942-12-01,2.76,3.78,3.11,4.76,5.94,5.91
1943-01-01,12.23,13.82,23.16,5.43,8.04,9.71
1943-02-01,10.95,9.47,17.18,4.79,6.98,11.19
1943-03-01,11.29,11.35,15.3,4.34,7.14,10.95
1943-04-01,-1,2.73,8,-0.14,1.27,2.49
1943-05-01,9.03,9.18,13.01,5.1,5.7,7.15
1943-06-01,-0.35,0.89,0.52,2.07,1.97,-0.06
1943-07-01,-5.35,-6.65,-9.02,-4.59,-3.71,-5.48
1943-08-01,0.56,0.04,0.55,1.42,1.3,0.28
1943-09-01,3.04,2.87,5.4,2.29,2.7,2.67
1943-10-01,-0.7,-0.41,0.81,-1.58,-0.9,0.38
1943-11-01,-7.16,-7.9,-10.53,-4.64,-6.65,-9.35
1943-12-01,7.39,10.46,12.1,5.6,6.97,7.43
1944-01-01,4.95,4.77,5.24,0.96,1.56,4.8
1944-02-01,1.38,1.01,0.58,0.1,0.81,2.35
1944-03-01,2.16,3.59,7.55,2.15,2.61,3.37
1944-04-01,-1.95,-2.76,-4.07,-1.44,-1.85,-1.57
1944-05-01,5.69,7.34,6.87,4.69,5,5.49
1944-06-01,9.25,9.86,10.45,4.96,5.21,7.39
1944-07-01,0.21,-1.09,-1.29,-1.68,-1.47,-0.8
1944-08-01,5,3.81,2.03,1.52,1.22,1.11
1944-09-01,1.59,-0.04,-0.21,0.28,-0.25,-0.25
1944-10-01,0.19,0.71,-0.53,-0.06,0.84,-0.09
1944-11-01,1.04,3.04,3.48,1.15,2.24,3.13
1944-12-01,5.96,6.95,10.5,2.62,4.52,9.73
1945-01-01,5.39,4.64,4.51,0.55,3.11,3.4
1945-02-01,6.5,8.87,10.5,5.16,6.13,10
1945-03-01,-4.27,-6.42,-6.28,-3.14,-4.37,-4.72
1945-04-01,7.65,9.06,9.96,6.7,8.06,10.81
1945-05-01,2.8,1.89,4.56,2.11,1.03,1.4
1945-06-01,2.89,2.06,7.28,-1.32,0.73,3.56
1945-07-01,-3.03,-3.5,-5.69,-1.48,-1.86,-4.46
1945-08-01,7.62,7.84,4.79,8.37,4.67,2.68
1945-09-01,6.76,6.51,6.31,4.66,4.3,5.75
1945-10-01,6.31,6.7,7.45,2.68,4.78,5.45
1945-11-01,9.1,9.56,11.86,2.99,5.73,9.36
1945-12-01,4,3.32,1.67,1.53,1.24,-0.57
1946-01-01,9.54,8.54,12.79,6.26,4.89,7.7
1946-02-01,-6.31,-6.65,-7.68,-5.83,-4.95,-7.29
1946-03-01,6.7,6.03,5.8,5.54,6.88,5.17
1946-04-01,4.73,7.72,6.26,3.9,5.19,2.67
1946-05-01,6.56,5.38,5.85,3.14,3.54,6.35
1946-06-01,-4.61,-5.19,-6.02,-4.55,-2.67,-4.1
1946-07-01,-4.85,-3.93,-4.78,-2.65,-2.34,-2.37
1946-08-01,-8.5,-8.11,-7.68,-6.22,-6.28,-6.14
1946-09-01,-13.83,-13.64,-15.65,-9.54,-8.53,-11.8
1946-10-01,-3.26,-0.99,0.83,-2.66,-1.69,0.5
1946-11-01,-1.11,-0.83,1.17,-0.27,0.8,-0.25
1946-12-01,5.83,4.58,4.43,5.48,5.23,3.92
1947-01-01,3.91,2.78,2.98,2.79,-0.56,1.95
1947-02-01,-1.25,-0.65,0.9,-0.16,-1.37,-1.78
1947-03-01,-3.03,-3.62,-2.21,-1.82,-1.06,-1.5
1947-04-01,-9.15,-7.99,-8.09,-5.19,-3.66,-4.58
1947-05-01,-5.05,-4.08,-3.64,-1.26,0.17,-2.03
1947-06-01,4.1,5.37,4.93,6.49,4.54,4.56
1947-07-01,5.18,6.31,7.07,3.52,3.52,7.26
1947-08-01,-1.88,-1.53,-1.25,-1.9,-1.44,-2.23
1947-09-01,0.23,0.35,2.7,-0.59,-0.66,-0.18
1947-10-01,3.69,3.28,2.93,2.18,2.99,3.04
1947-11-01,-4.45,-3.48,-2.64,-1.95,-1.48,-1.77
1947-12-01,0.04,1.35,3.1,1.9,3.46,6.59
1948-01-01,-1.72,-2.45,-0.23,-4.34,-4.03,-3.37
1948-02-01,-6,-6.18,-5.88,-4.65,-3.69,-4.71
1948-03-01,6.53,8.08,12.31,7.87,7.72,11.05
1948-04-01,1.23,2.88,4.61,2.21,4.38,7.1
1948-05-01,9.15,8.93,7.42,8.56,6.47,7.82
1948-06-01,-2.71,-1.76,0.36,-0.57,0.33,1.71
1948-07-01,-4.98,-5.28,-5.46,-5.04,-5.3,-4.35
1948-08-01,-1.14,-0.54,-0.37,0.88,-0.21,0.59
1948-09-01,-2.95,-4.21,-5.51,-2.67,-2.44,-3.73
1948-10-01,3.94,4.75,5.3,6.37,5.83,6.27
1948-11-01,-9.3,-9.76,-12.95,-8.03,-8.73,-13.39
1948-12-01,1.26,0.08,0.16,4.79,2.76,2.3
1949-01-01,1.03,1.77,2.97,0.56,-1.06,1.33
1949-02-01,-5.38,-3.85,-5.61,-2.64,-2.73,-4.04
1949-03-01,5.98,5.46,8.21,4.23,3.41,5.04
1949-04-01,-1.79,-3.11,-3.34,-2.04,-0.66,-2.62
1949-05-01,-3.73,-3.69,-5.13,-1.63,-3.08,-5.31
1949-06-01,-1.33,-1.17,-1.13,1.3,0.24,-2.45
1949-07-01,6.53,7.27,5.75,5.16,5.76,6.81
1949-08-01,3.25,3.59,2.11,2.65,2.72,2.98
1949-09-01,5.41,4.15,4.04,2.62,3.64,4.35
1949-10-01,5.09,3.5,4.1,3.16,3.03,3.33
1949-11-01,0.52,1.03,0.2,2.96,0.16,1.52
1949-12-01,6.96,6.51,8.78,5.29,3.88,6.8
1950-01-01,7.25,4.65,4.68,0.79,1.95,3.75
1950-02-01,1.67,1.88,0.7,1.46,1.5,0.98
1950-03-01,2.44,-1.03,-2.01,1.8,0.94,0.76
1950-04-01,5.79,5.37,7.31,4.27,2.98,5.5
1950-05-01,1.61,2.82,3.01,4.53,5.06,4.02
1950-06-01,-7.02,-7.85,-9.01,-5.45,-6.33,-4.97
1950-07-01,1.01,3.37,11.48,-3.37,4.47,13.1
1950-08-01,4.5,5.58,5.05,6.03,4.13,2.58
1950-09-01,5.71,4.97,4.97,5.69,3.83,4.56
1950-10-01,-0.27,-0.39,0.42,-0.15,-0.5,1.99
1950-11-01,0.3,2.13,4.92,2.3,3.4,4.2
1950-12-01,5.2,7.49,12.38,3.34,6.65,10.58
1951-01-01,6.75,6.96,10.72,5.06,5.41,8.67
1951-02-01,1.82,1.27,-0.1,2.31,1.87,-1.61
1951-03-01,-1.51,-3.29,-5.59,-0.7,-2.69,-4.97
1951-04-01,2.22,3.81,6.34,4.32,5.67,6.78
1951-05-01,-1.75,-2.51,-3.33,-2.37,-1.81,-3.55
1951-06-01,-3.94,-4.71,-7.27,-2.15,-1.07,-6.79
1951-07-01,5.44,5.05,6.83,6.56,7.3,9.06
1951-08-01,5.55,5.56,5.06,4.18,4.36,5.1
1951-09-01,2.4,2.86,3.13,0.63,0.39,1.36
1951-10-01,-1.96,-1.67,-3.65,-3.74,-0.48,-1.84
1951-11-01,-0.16,0.8,0.59,0.82,0.52,0.83
1951-12-01,1.36,0.9,0.57,4.1,3.81,1.07
1952-01-01,1.4,1.83,1.56,0.49,2.45,4.06
1952-02-01,-2.3,-1.97,-1.89,-2.17,-2.91,-3.09
1952-03-01,1.25,2.2,3.41,4.25,4.96,6.59
1952-04-01,-5.14,-4.76,-3.88,-4.54,-5.11,-5.29
1952-05-01,2.19,2.16,2.66,3.75,2.83,3.58
1952-06-01,1.67,2.84,3.34,3.82,4.3,4.53
1952-07-01,1.06,1.47,0.02,1.26,0.65,1.59
1952-08-01,0.21,0.9,0.18,-0.72,-0.53,-0.93
1952-09-01,0.49,-0.93,-2.05,-1.76,-1.89,-2.51
1952-10-01,-1.03,-1.34,-2.03,-0.86,0.27,-0.5
1952-11-01,5.46,5.6,6.15,6.17,5.31,7.62
1952-12-01,2.06,1.8,1.82,3.2,2.91,3.81
1953-01-01,3.62,3.72,3.71,-0.8,-0.25,1.6
1953-02-01,1.41,2.17,1.87,-0.22,-0.08,-0.85
1953-03-01,-1.66,-1.59,-2.03,-1.12,-1.37,-2.74
1953-04-01,-2.94,-2.31,-1.07,-3.04,-2.27,-1.94
1953-05-01,0.71,0.93,0.63,0.98,0.18,1.33
1953-06-01,-2.94,-3.49,-3.78,-1.79,-1.25,-1.92
1953-07-01,0.92,1.65,1.36,2.99,2.14,1.81
1953-08-01,-3.2,-5.41,-6.2,-4.01,-3.8,-8.26
1953-09-01,0.23,-0.82,-2.35,0.82,0.35,-1.79
1953-10-01,2.78,3.81,3.26,4.97,4.36,4.65
1953-11-01,1.55,2.23,1.15,3.29,2.29,3
1953-12-01,0.24,-1.35,-2.64,0.56,0.4,-2.47
1954-01-01,4.9,6.52,8.25,4.46,5.74,8.07
1954-02-01,1.03,1.58,1.4,1.59,2.25,0.74
1954-03-01,2.78,3.2,2.05,4.18,3.51,1.84
1954-04-01,-0.28,2.33,0.14,5.19,3.55,3.78
1954-05-01,3.95,4.22,5.15,2.88,2.54,6.76
1954-06-01,0.5,1.88,1.32,1.79,-0.27,0.98
1954-07-01,5.44,6.93,9.11,4.26,5.12,9.08
1954-08-01,-0.16,0.25,-1,-2.95,-0.92,-5.07
1954-09-01,2.95,4.66,4.67,6.81,6.56,6.55
1954-10-01,0.5,-0.94,-0.74,-2.31,-0.95,0.37
1954-11-01,7.43,9.24,9.25,9.55,8.17,15.84
1954-12-01,7.55,9.45,11.45,4.25,5.91,11.72
1955-01-01,1.46,1.22,2.43,0.1,0.79,3.62
1955-02-01,3.79,5.5,4.61,3.03,2.8,3.42
1955-03-01,-0.59,-0.29,0.68,-0.35,-0.22,2.32
1955-04-01,1.16,1.27,2.54,4.09,1.99,4.4
1955-05-01,0.55,0.56,0.39,1.84,0.19,0.16
1955-06-01,1.78,3.5,3.44,6.42,7.62,8.83
1955-07-01,-1.52,0.99,1.39,2.07,2.34,0.4
1955-08-01,-0.09,0.62,0.25,0.62,-0.12,1.45
1955-09-01,-0.67,-0.55,-0.3,0.19,-0.35,-2.3
1955-10-01,-1.46,-0.83,-1.22,-3.08,-1.61,-3.28
1955-11-01,6.08,4.84,5.21,7.9,5.78,9.72
1955-12-01,3.53,2.32,2.5,1.88,1.86,-1.7
1956-01-01,-2.43,-2.03,-1.75,-3.95,-1.09,-2.36
1956-02-01,1.98,3.68,2.47,4.97,2.76,3.46
1956-03-01,3.89,3.81,5.01,7.12,7.22,5.2
1956-04-01,1.21,0.81,0.14,-0.05,1.29,0.81
1956-05-01,-3.65,-4,-4.54,-5.02,-4.84,-6.63
1956-06-01,1.12,2.48,1.37,4.63,2.86,1.75
1956-07-01,3.3,3.43,3.47,4.84,5.75,4.91
1956-08-01,0.5,-0.98,-2.09,-3.32,-3.02,-3.12
1956-09-01,-3.33,-3.05,-2.1,-5.95,-3.75,-3.68
1956-10-01,1.16,0.97,0.39,0.61,0.87,1.34
1956-11-01,-0.17,0.19,2.25,-0.3,2.19,0.6
1956-12-01,4.52,2.09,2.18,3.41,3.99,1.66
1957-01-01,-0.18,0.09,2.06,-4.33,-2.98,-1.69
1957-02-01,-2.81,-3.27,-2.7,-1.7,-1.67,-3.09
1957-03-01,2.08,2.6,2.3,2.7,1.9,1.72
1957-04-01,2.08,2.32,2.24,5.32,4.02,2.63
1957-05-01,3.09,1.26,1.75,4.61,2.91,1.84
1957-06-01,0.23,-1.25,0.75,-0.02,-1.34,-0.73
1957-07-01,0.25,0.7,0.4,1.27,0.52,1.11
1957-08-01,-5.21,-4.41,-5.17,-5.44,-3.18,-6.13
1957-09-01,-7.13,-4.91,-5.06,-6.36,-4.29,-6.62
1957-10-01,-8.32,-5.65,-8.24,-3.75,-3.38,-7.41
1957-11-01,3.04,1.44,1.08,3.08,2.02,-0.52
1957-12-01,-4.56,-4.66,-5.85,-3.91,-2.39,-5.99
1958-01-01,12,10.47,11.95,3.45,6,11.94
1958-02-01,-1.63,-0.48,-0.5,-1.8,-0.52,-2.45
1958-03-01,5.46,3.81,3.09,3.4,3.23,3.33
1958-04-01,3.07,1.63,4.38,3.32,2.49,5.27
1958-05-01,6.31,4.26,4.23,2.04,2.65,3.73
1958-06-01,1.91,3.3,2.96,3.15,2.67,3.08
1958-07-01,4.22,6.14,7.09,4.41,3.91,7.72
1958-08-01,4.36,3.11,3.16,1.67,1.88,3.54
1958-09-01,5.51,4.31,7.92,4.73,4.36,8.29
1958-10-01,6.95,2.85,3.07,2.71,2.63,4
1958-11-01,7.68,4.22,4.04,3.31,2.13,4.42
1958-12-01,2.76,3.25,3.64,4.93,6.94,4.03
1959-01-01,4.47,5.16,5.65,-0.61,2.71,4.14
1959-02-01,2.42,3.68,2.84,0.56,1.53,2.26
1959-03-01,1.61,1.51,1.82,0.67,-0.02,-0.1
1959-04-01,3.79,3.5,2.12,4.75,2.52,3.86
1959-05-01,-1.4,0.47,1.4,2.71,0.59,3.74
1959-06-01,1.73,0.57,1.87,-0.42,0.39,2.15
1959-07-01,2.13,2.77,3.56,3.96,2.4,3.09
1959-08-01,-1.86,-1.21,-2.03,-1.33,-1.04,-0.37
1959-09-01,-5.37,-4.57,-3.98,-4.97,-3.3,-5.4
1959-10-01,3.99,2.52,1.18,1.39,1.88,0.21
1959-11-01,3.9,1.99,0.58,3.01,-0.19,-0.2
1959-12-01,3.51,2.44,2.08,2.96,2.56,4.26
1960-01-01,-5.82,-3.19,-3.03,-8.19,-4.43,-5.59
1960-02-01,2.04,1.42,0.55,1.35,2.12,-1.15
1960-03-01,-2.23,-2.55,-3.71,-0.89,-1.07,-5.14
1960-04-01,0.16,-2.19,-2.91,-1.53,-1.4,-3.18
1960-05-01,5.23,1.77,2.48,4.3,1.76,-0.37
1960-06-01,2.37,2.42,1.71,2.74,1.49,2.76
1960-07-01,-3.36,-1.78,-1.46,-3.52,-0.21,-1.27
1960-08-01,4.17,3.44,4.11,2.73,4.16,2.35
1960-09-01,-7.74,-5.85,-6.19,-6.74,-4.33,-5.18
1960-10-01,-6.47,-2.49,-2.73,-0.66,0.02,0.85
1960-11-01,6.47,4.94,3.1,5.41,3.98,4.05
1960-12-01,4.11,3.49,2.48,3.56,7.38,3.76
1961-01-01,7.38,7.88,9.83,4.86,7.83,10.02
1961-02-01,8,6.31,7.45,4.02,2.6,3.17
1961-03-01,7.32,4.86,5.93,2.2,4,2.23
1961-04-01,0.99,0.37,2.19,-0.31,1.15,2.46
1961-05-01,3.47,4.99,4.92,3.17,1.51,2.84
1961-06-01,-5.81,-4.55,-5.56,-2.28,-3.22,-3
1961-07-01,-0.45,1.25,1.32,3.11,3.58,1.11
1961-08-01,0.62,0.34,1.07,3.2,2,2.32
1961-09-01,-4.92,-3.15,-3.28,-1.14,-3.09,-3.78
1961-10-01,-0.09,3.28,0.16,2.3,3.96,3.13
1961-11-01,5.88,5.79,4.78,4.89,4.07,4.24
1961-12-01,-2.04,0.25,0.29,-0.2,0.34,1.79
1962-01-01,-2.39,-0.83,2.3,-5.02,-1.89,0.36
1962-02-01,0.63,0.78,1.78,1.85,2.39,2.49
1962-03-01,-0.45,-1.15,-0.54,-0.34,-0.32,-2.17
1962-04-01,-7.22,-7.23,-6.87,-6.62,-5.65,-6.12
1962-05-01,-11.33,-10.34,-9.44,-9.08,-6.87,-6.22
1962-06-01,-10.29,-7.52,-7.04,-9.02,-6.91,-6.65
1962-07-01,9.2,5.86,6.46,8.05,5.23,3.59
1962-08-01,4.65,3.5,2.51,2.74,1.65,2.45
1962-09-01,-8.34,-7.03,-6.22,-5.04,-4.62,-4.4
1962-10-01,-5.05,-3.28,-2.04,0.59,0.72,0.32
1962-11-01,15.13,13.48,14.46,11.3,9.97,13.85
1962-12-01,-3.56,-1.39,-2.16,1.53,1.83,0.8
1963-01-01,7.7,8.06,9.98,4.95,4.3,7.22
1963-02-01,-2.75,-1.49,-0.08,-2.79,-1.82,-0.95
1963-03-01,0.23,1.66,2.48,3.42,3.32,5.18
1963-04-01,3.64,2.76,4.87,4.94,4.56,5.75
1963-05-01,1.82,3.21,5.48,2.31,1.11,3.67
1963-06-01,-1.34,-1.99,-1.66,-2.34,-1.45,-0.45
1963-07-01,-1.08,-0.62,-1.14,-0.03,0.45,-1.6
1963-08-01,4.45,4.37,5.74,5.4,4.69,7.38
1963-09-01,-3.07,-0.55,-1.93,-1.05,-1.73,-1.81
1963-10-01,1.16,1.71,2.71,3.86,1.26,2.08
1963-11-01,-2.87,-1.26,-0.33,-0.25,-1.43,0.54
1963-12-01,0.35,0.5,0.27,2.05,3.04,1.92
1964-01-01,0.77,2.71,4.04,2.68,2.68,2.69
1964-02-01,1.58,2.13,4.15,1.42,1.68,4.5
1964-03-01,0.61,4.08,5.25,0.92,3.02,3.01
1964-04-01,-1.69,-0.31,-1.44,0.42,1.06,-0.68
1964-05-01,0.92,1.07,2.15,1.54,1.18,4.07
1964-06-01,1.31,1.26,1.96,1.67,1.29,2.45
1964-07-01,1.56,2.92,2.65,1.91,2.31,2.22
1964-08-01,-1.52,-0.38,-1.22,-1.23,-0.86,-1.29
1964-09-01,3.47,2.8,3.6,2.34,3.56,5.51
1964-10-01,1.05,1.37,2.3,0.29,1.77,1.32
1964-11-01,-0.14,-0.35,0.09,0.5,0.94,-3.65
1964-12-01,0.46,-0.84,-1.54,1.12,-0.3,-2.03
1965-01-01,6.89,5.93,6.62,3.95,2.85,4.62
1965-02-01,3.68,3.4,4.33,0.57,0.09,0.3
1965-03-01,0.92,0.55,1.51,-1.16,-1.6,0.39
1965-04-01,3,4.42,5.34,3.82,2.49,2.87
1965-05-01,-0.07,-0.94,-1.34,-0.27,0.06,-2.23
1965-06-01,-9.95,-8.81,-8.59,-4.57,-4.95,-4.78
1965-07-01,2.55,3.01,4.14,1.34,1.62,4.17
1965-08-01,6.74,4.98,5.05,2.94,2.82,2.49
1965-09-01,3.88,3.78,3.84,3.8,2.23,3.62
1965-10-01,5.97,5.35,6.37,2.84,1.91,5.64
1965-11-01,4.02,4.86,4.73,-0.01,-0.15,-0.27
1965-12-01,3.87,3.45,4.75,0.84,0.89,4.13
1966-01-01,4.3,5.52,6.99,-0.2,1.2,4.24
1966-02-01,3.68,3.22,3.41,-1.6,-0.82,-0.62
1966-03-01,-0.45,-2.9,-2.04,-1.54,-2.66,-4.04
1966-04-01,5.68,4.7,5.66,2.41,1.81,1.53
1966-05-01,-9.96,-9.97,-10.36,-4.19,-5.05,-7.1
1966-06-01,0.82,0.12,-0.04,-2.02,-0.07,-0.18
1966-07-01,-1.96,-1.64,-0.76,-1.61,-0.6,-1.17
1966-08-01,-11.34,-9.8,-10.46,-7.65,-6.59,-7.41
1966-09-01,-2.01,-1.01,-1.53,-0.98,0.19,-0.47
1966-10-01,-3.76,-0.12,-0.14,3.24,7.26,5.24
1966-11-01,7.56,4.82,2.69,3.73,-1.03,-0.6
1966-12-01,3.48,2.65,0.5,-0.37,1.4,0.03
1967-01-01,18.09,16.28,17.64,7.92,6.36,12.43
1967-02-01,4.74,2.9,3.18,2.02,-0.36,-0.94
1967-03-01,6.04,6.57,5.67,4.27,3.76,5.02
1967-04-01,5.49,3.96,3.22,5.99,1.8,3.16
1967-05-01,-1.65,-0.94,-2.41,-5,-3.55,-2.45
1967-06-01,9.44,8.18,8.32,1.42,2.09,4.43
1967-07-01,7.22,7.52,10.18,4.91,3.48,7.26
1967-08-01,-0.45,0.79,0.58,-0.75,-0.91,1.15
1967-09-01,6.86,5.26,4.69,3.81,2.69,1.05
1967-10-01,-0.78,-2.29,-3.48,-1.5,-3.76,-5.56
1967-11-01,1.29,1.36,-0.85,1.09,0.29,-0.18
1967-12-01,10.89,7.48,8.23,2.15,3.24,4.04
1968-01-01,-1.4,0.78,3.42,-6.19,-1.23,-1.48
1968-02-01,-7.37,-5.1,-5.08,-3.31,-2.1,-3.31
1968-03-01,-0.79,-1.07,-0.51,1.83,-0.72,0.38
1968-04-01,17.16,14.32,13.33,10.22,5.38,12
1968-05-01,9.79,8.21,8.89,2.45,0.15,5.04
1968-06-01,-0.18,1.44,1.48,-0.02,3.59,-0.33
1968-07-01,-5.8,-2.29,0.2,-4.53,0.15,0.43
1968-08-01,3.95,3.36,4.72,1.18,1.41,2.42
1968-09-01,7.38,6.93,6.44,3.31,4.27,4.77
1968-10-01,-0.63,2.15,1.34,-0.61,1.66,3.23
1968-11-01,8.54,8.28,6.78,5.49,5.56,5.45
1968-12-01,0.27,-0.46,-1.07,-4.82,-3.34,-3.43
1969-01-01,-1.78,-1.07,-0.71,-1.82,0.15,0.48
1969-02-01,-10.39,-8.08,-7.48,-3.96,-5.32,-5.03
1969-03-01,3.06,2.24,3.2,3.9,2.52,2.85
1969-04-01,0.81,1.87,1.24,3.22,0.39,2.9
1969-05-01,-0.27,0.77,0.12,-0.18,0.7,0.9
1969-06-01,-12.22,-11.13,-11,-3.43,-7.9,-6.84
1969-07-01,-11.28,-9.49,-7.24,-4.8,-7.55,-6.01
1969-08-01,7.31,5.51,3.67,6.69,4.37,2.64
1969-09-01,-0.48,-2.03,-2.71,-0.57,-3.56,-4.76
1969-10-01,10.99,8.01,7,6.25,4.57,3.79
1969-11-01,-5.53,-5.18,-6.37,-2.13,-3.84,-3.52
1969-12-01,-5.07,-5.18,-6.72,0.18,-1.82,-4.33
1970-01-01,-6.05,-5.17,-2.32,-8.08,-8.51,-5.68
1970-02-01,2.63,3.51,6.23,3.63,7.84,8.07
1970-03-01,-5.33,-1.11,0.15,-1.91,1.48,1.11
1970-04-01,-20.82,-13.99,-11.13,-10.59,-9.54,-7.48
1970-05-01,-11.4,-10.59,-7.87,-7.95,-4.17,-4.21
1970-06-01,-8.9,-6.94,-6,-5.43,-3.27,-6.76
1970-07-01,7.43,6.91,6.74,5.08,9.78,7.86
1970-08-01,6.19,7.09,6.56,4.08,5.28,5.89
1970-09-01,17.03,10.79,9.48,7.32,0.25,3.87
1970-10-01,-6.8,-6.75,-4.2,-0.67,-1.56,-2.85
1970-11-01,0.32,2.04,2.54,5.13,5.68,6.29
1970-12-01,7.86,9.57,9.3,5.36,6.69,5.89
1971-01-01,10.48,13.12,12.57,4.72,3.81,5.33
1971-02-01,4.63,3.38,2.36,2.39,0.32,1.97
1971-03-01,8.83,5.19,4.74,5.95,3.06,2.05
1971-04-01,3.02,3.92,3.38,4.02,2.6,5.14
1971-05-01,-4.3,-5.31,-5.23,-2.73,-4.24,-4.54
1971-06-01,0.59,-1.85,-2.12,1.15,-0.1,-0.14
1971-07-01,-6.91,-4.32,-5.86,-4.18,-3.52,-4.88
1971-08-01,4.3,3.69,6.73,5.54,1.18,8.55
1971-09-01,0.8,-0.73,-2.19,0.39,-1.22,-2.5
1971-10-01,-6.17,-4.3,-6.59,-3.85,-3.49,-4.38
1971-11-01,-2.8,-2.28,-4.16,0.89,-0.39,-1.24
1971-12-01,13.45,11.11,12.32,9.02,8.43,9.56
1972-01-01,9.17,6.7,10.68,2.67,0.34,5.21
1972-02-01,4.89,3.02,2.78,4.48,1.01,1.06
1972-03-01,1.45,-0.09,-0.51,2.21,-1.35,0.79
1972-04-01,0.37,1.17,0.43,0.73,0.1,1.11
1972-05-01,-1.76,-1.28,-2.8,3,0.88,-1.34
1972-06-01,-3.4,-2.61,-3.09,-1.02,-2.78,-6.28
1972-07-01,-5.21,-3.09,-2.01,0.56,-1.12,-1.1
1972-08-01,-0.9,2.05,2.52,1.43,7.11,7.35
1972-09-01,-3.46,-2.74,-3.16,-0.46,-1.06,0.22
1972-10-01,-2.54,-0.14,-1.05,0.49,2.26,1.65
1972-11-01,3.61,5.79,6.41,2.95,6.51,9.7
1972-12-01,-0.91,-1.1,-2.26,2.64,-0.75,-0.58
1973-01-01,-7.87,-5.11,-3.71,-2.61,-2.17,-1.41
1973-02-01,-11.11,-7.75,-5.86,-2.98,-4.91,-4.87
1973-03-01,-4.37,-2.56,-1.26,-1.32,0.49,1.24
1973-04-01,-11.62,-5.36,-5,-6.1,-2.55,-1.4
1973-05-01,-10.1,-7.23,-7.32,-0.92,-2.07,-3.31
1973-06-01,-5.48,-2.83,-2.66,-0.91,-0.37,-0.86
1973-07-01,17.97,10.29,8.93,6.39,2.16,5.07
1973-08-01,-3.96,-5.27,-4.08,-3.37,-2.91,-0.88
1973-09-01,11.02,9.59,8.45,2.21,9.08,9.02
1973-10-01,-2.39,0.27,0.97,-0.28,-0.22,-0.15
1973-11-01,-22.56,-17.76,-16.18,-12.49,-10.03,-10.86
1973-12-01,-2.51,-2.36,-1.27,-1.41,5.42,5.84
1974-01-01,7.72,10.29,13.9,-1.09,-1.06,4.45
1974-02-01,0.05,0.35,1.96,-1.08,1.3,2.11
1974-03-01,-0.45,-0.7,0.47,-1.76,-3.51,-2.86
1974-04-01,-6.4,-5.86,-3.67,-3.58,-5.89,-4.29
1974-05-01,-7.2,-8,-6.76,-1.57,-5.11,-6.15
1974-06-01,-3.2,-2.4,-1.21,-2.09,-1.73,-2.5
1974-07-01,-6.72,-4.23,-2.97,-9.42,-4.41,-2.75
1974-08-01,-9.54,-7.97,-7.39,-10.06,-5.65,-7.08
1974-09-01,-11.81,-7.04,-7.28,-13.67,-6.07,-7.18
1974-10-01,14.18,7.64,8.22,21.39,11.26,7.9
1974-11-01,-5.22,-4.34,-5.46,-4.04,-3.46,-3.96
1974-12-01,-7.21,-5.55,-7.7,-3.26,-0.03,-2.65
1975-01-01,24.7,26.79,30.35,10.53,16.94,21.3
1975-02-01,6.66,3.19,3.73,8.21,2.79,2.07
1975-03-01,7.77,6.86,8.32,2.88,1.55,7.18
1975-04-01,6.57,3.29,3.18,5.69,2.1,6.74
1975-05-01,10.3,6.84,6.85,5.67,5.86,0.97
1975-06-01,7.02,7.44,6.21,4.3,6.36,7.71
1975-07-01,-2.97,-2.44,-2.54,-7.51,-3.94,-4.64
1975-08-01,-4.61,-4.28,-6.61,-2.23,-1.66,-2.02
1975-09-01,-4.01,-3.36,-3.43,-3.92,-2.71,-3.84
1975-10-01,1.36,3.35,2.06,6.52,5.81,6.41
1975-11-01,1.31,2.4,3.81,3.03,3.56,4.52
1975-12-01,-1.63,-0.24,-0.9,-1.83,0.38,1
1976-01-01,14.98,18.49,24.61,10.79,14.55,18.37
1976-02-01,6.67,7.34,12.3,-1.32,1.85,4.74
1976-03-01,1.25,1.6,1.77,2.83,3.01,2.26
1976-04-01,-1.02,-0.97,-1.11,-1.6,0.24,-1.54
1976-05-01,-0.87,-2.02,-3.59,-0.61,-1.59,-0.52
1976-06-01,3.93,3.64,3.88,4.46,5.18,5.96
1976-07-01,-1.12,0.68,0.76,-1.19,0.22,0.39
1976-08-01,-3.42,-1.38,-1.27,-0.3,1.16,-0.91
1976-09-01,3.5,2.49,2.22,2.18,3.14,2.9
1976-10-01,-2.71,-1.45,-2.08,-2.46,-1.17,-3.36
1976-11-01,3.66,3.22,3.93,-0.74,2.44,2.05
1976-12-01,9.6,9.52,10.08,4.79,6.63,8.77
1977-01-01,0.77,2.27,3.21,-6.3,-1.59,-0.22
1977-02-01,-0.92,-1.19,0.1,-1.87,-1.51,-1.92
1977-03-01,0.27,0.77,0.2,-1.64,-0.62,0.5
1977-04-01,1.07,1.28,2.55,-1.11,2.01,4.32
1977-05-01,-0.73,0.17,0.73,-1.79,-0.08,-1.58
1977-06-01,7.45,6.22,6.97,5.66,3.76,4.84
1977-07-01,0.04,0.04,0.56,-1.47,-1.05,-3.22
1977-08-01,0.74,-0.83,-1.51,0.34,-3.46,-3
1977-09-01,1.62,1.77,0.58,-0.7,1.04,-0.68
1977-10-01,-3.84,-2.1,-1.57,-4.32,-3.8,-3.18
1977-11-01,8.26,7.37,8.14,4.01,3.83,4.84
1977-12-01,3.2,1.48,1.58,0.21,0.88,1.15
1978-01-01,-4.71,-2.84,-1.2,-6.41,-5.67,-3.34
1978-02-01,1.57,2.54,2.53,-2.54,0.37,-1.9
1978-03-01,6.35,6.7,7.04,2.18,3.6,3.99
1978-04-01,9.93,7.52,7.19,11.06,5.53,6.87
1978-05-01,7.2,5.83,5.87,1.94,1.14,2.07
1978-06-01,-0.94,1.13,0.38,-1.39,-1.56,-1.55
1978-07-01,6.97,5.05,5.74,6.9,4.13,5.91
1978-08-01,8.27,8.18,8.82,3.56,4.39,2.05
1978-09-01,-1.86,-0.39,-0.63,-2.57,0.98,-0.05
1978-10-01,-23.11,-18.43,-18.73,-9.9,-9.1,-11.57
1978-11-01,8.87,5.03,4.4,2.96,3.27,3.01
1978-12-01,3.03,1.96,1.94,2.89,0.7,-0.39
1979-01-01,8.57,7.91,9.63,3.24,5.09,6.69
1979-02-01,-3.44,-2.24,-1.91,-3.72,-2.36,-2.89
1979-03-01,11.63,8.41,8.5,5.72,5.69,7.55
1979-04-01,1.66,2.97,3.32,0.19,0.6,0.68
1979-05-01,-2.64,-0.78,0.49,-1.83,-1.27,-1.3
1979-06-01,5.71,6.02,6.04,3.09,5.55,5.65
1979-07-01,2.03,4.05,3.05,0.58,1.77,3
1979-08-01,9.05,7.36,7.38,6.74,5.45,5.37
1979-09-01,0.78,-1.1,-1.06,-0.76,0.92,-0.77
1979-10-01,-9.24,-10.6,-11.3,-6.65,-6.19,-8.31
1979-11-01,10.94,6.83,6.85,6.57,5.71,4.1
1979-12-01,8.14,5.23,5.15,2.98,1.09,1.95
1980-01-01,7.87,7.76,8.47,4.88,6.34,7.92
1980-02-01,-0.41,-2.91,-2.71,-3.09,2.06,0.44
1980-03-01,-19.31,-16.06,-17.32,-8.94,-10.77,-13.05
1980-04-01,6.13,6.41,5.88,3.73,5.66,6.11
1980-05-01,8.08,7.9,8.1,5.66,5.48,6.45
1980-06-01,5.32,4.35,4.33,3.18,3.44,2.37
1980-07-01,13.31,9.58,7.21,9.36,5.25,2.76
1980-08-01,8.47,4.98,3.62,2.21,1.39,1.76
1980-09-01,5.25,2.95,0.87,4.15,3.27,-0.95
1980-10-01,5.82,2.37,3.04,1.82,2.88,-0.93
1980-11-01,12.61,4.43,2.49,11.65,13.43,4.88
1980-12-01,-5.31,-1.82,-1.33,-2.14,-4.75,-0.74
1981-01-01,-3.77,0.78,2.24,-6,-5.39,1.64
1981-02-01,-0.69,2.37,2.84,2.81,1.26,1.33
1981-03-01,7.68,8.01,7.65,3.79,3.6,5.22
1981-04-01,2.56,3.55,3.91,-2.17,-2.16,1.06
1981-05-01,4.92,2.95,1.72,0.84,-0.49,3.22
1981-06-01,-5.73,0.74,1.28,-3.23,2.09,-0.05
1981-07-01,-2.79,-2.41,-1.59,1.34,-0.57,-1.05
1981-08-01,-9.99,-5.92,-4.71,-6.82,-5.49,-2.45
1981-09-01,-10.26,-6.5,-4.89,-6.32,-5.99,-1.35
1981-10-01,10.46,6.69,5.79,8.11,3.96,4.4
1981-11-01,0.88,4.91,4.65,4.11,5.07,4.14
1981-12-01,-2.34,-0.95,-1.49,-3.13,-2.72,-2.5
1982-01-01,-4.8,-3.31,-0.85,-1.87,-3.67,0.43
1982-02-01,-7.46,-3.06,-0.8,-7.36,-3.36,-1.95
1982-03-01,-2.19,-0.47,1.56,-1.96,-0.53,1.93
1982-04-01,6.55,5.67,4.16,5.78,3.5,2.58
1982-05-01,-3.58,-2.29,-0.94,-3.46,-2.29,-2.45
1982-06-01,-3.56,-1.65,-1.29,-2.48,-1.17,-1.67
1982-07-01,-2.42,-0.55,-0.99,-0.66,-4.19,-1.69
1982-08-01,8.12,8.94,8.13,11.01,13.2,13.33
1982-09-01,2.64,4.76,5.22,1.92,2.02,0.02
1982-10-01,15.89,13.26,11.59,12.78,11.2,9.7
1982-11-01,10.01,8.43,9.31,7.09,2.34,3.95
1982-12-01,1.3,1.2,0.87,1.15,1.14,1.61
1983-01-01,9.72,5.44,4.92,2.8,3.3,5.88
1983-02-01,4.28,6.59,7.09,3.65,2.38,2.21
1983-03-01,2.63,6.38,6.25,2.47,4.47,3
1983-04-01,7.83,8,7.57,5.7,9.03,7.11
1983-05-01,7.96,5.35,5.08,-0.14,0.14,-0.07
1983-06-01,5.65,4.39,2.38,5.27,3.68,0.77
1983-07-01,-5.81,-0.02,1.26,-5.2,-2.7,-1.12
1983-08-01,-4.8,-2.83,-0.35,-1.34,0.92,5.29
1983-09-01,0.1,2.49,3.99,2.58,1.51,0.81
1983-10-01,-9.02,-4.39,-2.21,-3.57,-0.87,-0.39
1983-11-01,4.75,4.24,4.34,2.81,2.47,1.91
1983-12-01,-3.17,-0.39,0.23,-0.69,-1.08,-0.73
1984-01-01,-4.22,-0.29,2.1,-5.31,0.59,3.57
1984-02-01,-6.98,-5,-3.55,-4.76,-4.16,-1.56
1984-03-01,0.19,1.36,2.29,1.56,1.57,0.46
1984-04-01,-1.23,0.1,-0.04,0.46,0.2,1.73
1984-05-01,-5.95,-4.8,-4.4,-4.81,-4.55,-5.9
1984-06-01,4.58,2.1,1.09,4.4,1.58,2.64
1984-07-01,-5.55,-2.98,-3.32,-0.98,-1.8,-2.43
1984-08-01,13.43,10.31,9.54,11.28,11.16,11.51
1984-09-01,-2.72,1.42,2.33,-2.4,-0.37,3.17
1984-10-01,-2.19,-0.31,0.03,0.77,0.86,-0.5
1984-11-01,-4.54,-0.3,0.39,-2.23,-1.29,0.93
1984-12-01,2.02,1.67,2.18,2.66,2.72,2.23
1985-01-01,14.99,9.99,8.7,10.12,8.12,5.64
1985-02-01,2.99,2.84,1.71,1.3,1.66,2.24
1985-03-01,-3.22,-1.21,1.4,-1.27,-0.59,2.17
1985-04-01,-2.01,0.14,1.65,-1.86,-0.77,1.9
1985-05-01,4.24,4.07,3.22,5.98,7.12,5.25
1985-06-01,1.41,2.55,2.33,1.54,1.88,1.45
1985-07-01,2.77,2.47,1.1,0.21,-0.95,-1.46
1985-08-01,-1.97,-0.03,0.25,-1.53,-0.07,0.81
1985-09-01,-7.27,-4.24,-4.19,-3.87,-2.71,-4.37
1985-10-01,3.22,3.72,3.26,4,5.38,5.5
1985-11-01,7.84,6.92,6.31,9.07,6.6,4.75
1985-12-01,5.03,4.02,3.28,5.77,3.62,4.41
1986-01-01,2.27,1.53,2.56,0.77,0.43,1.55
1986-02-01,7.33,7.25,6.67,8,8.25,6.89
1986-03-01,4.3,5.37,5.18,6.24,5.81,4.35
1986-04-01,2.37,1.14,0.45,0.56,-1.79,-3.32
1986-05-01,3.35,5.29,3.48,5.45,5.53,5.08
1986-06-01,-0.09,0.96,1.93,1.84,1.16,2.59
1986-07-01,-10.7,-8.8,-5.68,-7.17,-5.22,-2.67
1986-08-01,2.14,3.58,4.51,4.78,8.48,9.45
1986-09-01,-8.23,-4.82,-4.75,-10.06,-7.46,-7.14
1986-10-01,4.36,2.8,1.6,5.6,5.37,5.49
1986-11-01,0.04,-0.59,0.34,1.99,2.24,1.5
1986-12-01,-3.17,-2.91,-2.04,-2.44,-2.99,-2.94
1987-01-01,12.57,11.09,9.07,13.87,13.27,10.95
1987-02-01,9.55,6.78,5.06,7.48,3.48,0.06
1987-03-01,1.34,2.65,3.68,1.66,2.33,2.49
1987-04-01,-2.68,-3.01,-3.66,-1.82,-0.96,-1.49
1987-05-01,-0.32,-0.02,0.72,1.49,-0.22,0.76
1987-06-01,1.46,3.25,3.54,4.64,5.45,4.68
1987-07-01,2.19,3.3,5.44,5.58,3.5,3.74
1987-08-01,2.84,3.78,2.91,4.67,4.33,2.78
1987-09-01,-2.55,-1.25,-1.38,-1.93,-2.32,-2.54
1987-10-01,-32.33,-27.91,-27.74,-23.19,-20.22,-19.37
1987-11-01,-6.98,-3.98,-3.5,-8.76,-7.83,-5.79
1987-12-01,9.23,6.99,4.66,9.17,6.38,4.88
1988-01-01,2.24,4.85,6.58,2.06,5.64,8.03
1988-02-01,8.42,7.98,7.11,5.43,4.58,3.45
1988-03-01,3.71,3.88,3.34,-3.09,-3.18,-1.24
1988-04-01,1.35,1.94,2.54,-0.66,2.08,1.54
1988-05-01,-2.92,-1.78,-0.48,0.01,0.63,2.13
1988-06-01,7.61,6.89,6.19,4.78,5.65,3.97
1988-07-01,-2.44,-0.09,0.33,-1.54,-0.31,0.22
1988-08-01,-4.06,-1.7,-1.38,-2.88,-3.14,-1.39
1988-09-01,2.68,2.97,2.74,5.07,3.48,3.66
1988-10-01,-2.02,-0.05,0.59,2.26,1.94,3.01
1988-11-01,-3.86,-2.58,-2.64,-1.69,-1.85,-0.37
1988-12-01,4.06,3.87,3,2.77,1.6,0.76
1989-01-01,4.35,4.5,5.43,7.07,6.56,7.05
1989-02-01,0.49,0.79,1.25,-2.34,-2.06,-1.38
1989-03-01,2.53,3.02,3.42,2.52,1.66,2.6
1989-04-01,4.82,4.36,3.86,6,4.76,4.06
1989-05-01,4.67,3.74,3.83,4.82,3.56,3.98
1989-06-01,-3.04,-0.8,-0.09,-0.96,-0.35,0.43
1989-07-01,4.37,4.17,3.47,10.81,7.17,6.1
1989-08-01,2.83,2.74,2.57,1.08,2.84,2.63
1989-09-01,1.38,0.16,-0.85,0.53,-0.82,0.08
1989-10-01,-5.01,-5.73,-6.45,-1.36,-3.93,-2.11
1989-11-01,0.7,0.86,-0.12,2.39,1.66,1.06
1989-12-01,0.16,-0.4,-0.24,1.68,2.42,2.55
1990-01-01,-9.28,-7.65,-7.93,-7.52,-6.37,-7.09
1990-02-01,3.26,2.63,2.3,0.32,2.18,2.54
1990-03-01,4.35,3.79,2.31,4.14,1.41,0.48
1990-04-01,-2.83,-3.12,-4.39,-0.9,-3.46,-4.5
1990-05-01,8.47,6.45,4.33,10.82,8.65,7.47
1990-06-01,1.21,0.45,0.06,1.31,-2.38,-1.56
1990-07-01,-4.49,-3.76,-4.24,-1.29,-0.04,-1.56
1990-08-01,-14.78,-12.2,-11.35,-9.7,-7.95,-9.93
1990-09-01,-10.32,-8.32,-8.19,-5.73,-3.73,-6.37
1990-10-01,-5.99,-5.56,-5.88,0.38,-1.96,0.78
1990-11-01,8.93,6.48,4.96,7.37,6.82,5.19
1990-12-01,4.18,3.49,2.88,3.74,2.41,1.95
1991-01-01,9.32,8.32,7.65,6.32,3.26,4.31
1991-02-01,11.71,10.24,11.25,7.83,6.54,7.1
1991-03-01,7.76,5.25,6.63,4.04,1.13,2.77
1991-04-01,-0.65,1.43,1.58,-0.27,0.79,0.31
1991-05-01,4.27,4.88,2.63,4.67,2.91,5.22
1991-06-01,-5.3,-3.27,-4.1,-4.87,-4.31,-3.68
1991-07-01,4.22,3.55,2.97,5.44,4.02,4.11
1991-08-01,4.43,3.11,4.31,3.37,1.81,1.88
1991-09-01,1.23,0.67,-1.05,-2.17,0.02,-1.9
1991-10-01,3.11,2.59,1.91,1.52,1.67,1.77
1991-11-01,-4.8,-3.76,-5.51,-2.5,-4.51,-5.62
1991-12-01,10.17,6.73,7.52,14.47,7.67,9.04
1992-01-01,7.64,7.45,10.45,-2.28,-1.52,3.96
1992-02-01,0.77,2.84,7.02,0.37,0.75,6.87
1992-03-01,-6.35,-1.24,-0.66,-2.78,-1.29,-1.12
1992-04-01,-5.56,-2.41,-1.01,0.13,4.97,4.23
1992-05-01,-0.66,0.92,2.52,0.92,0.45,0.24
1992-06-01,-6.17,-3.22,-2.71,-2.47,-1.15,0.84
1992-07-01,2.62,3.33,3.81,4.32,4.65,2.09
1992-08-01,-4.33,-1.5,-2.64,-1.1,-2.14,-4.89
1992-09-01,1.48,2.46,1.45,1.67,0.86,1.22
1992-10-01,4.37,2.52,1.66,2.4,-0.91,0.92
1992-11-01,9.63,6.47,6.7,4.58,2.55,4.56
1992-12-01,2.6,3.63,4.94,0.7,2.12,3.41
1993-01-01,1.3,4.04,6.59,-1.1,1.5,5.39
1993-02-01,-6.38,-0.13,1.09,-2.35,4.12,3.08
1993-03-01,2.08,2.6,3.65,1.76,3.1,2.72
1993-04-01,-3.77,-2.54,-2.6,-5.04,-0.89,-0.94
1993-05-01,6.66,3.23,3.09,4.01,2.36,0.73
1993-06-01,0.72,0.48,1.49,-1.03,1.2,3.43
1993-07-01,-0.36,1.48,2.26,-2.25,1.14,1.64
1993-08-01,3.98,4.69,3.34,3.63,4.09,3.37
1993-09-01,3.24,2.31,2.56,-0.7,0.47,-0.99
1993-10-01,3.88,1.69,2.64,2.98,-0.19,1.1
1993-11-01,-3.29,-2.72,-2.42,-0.05,-2.64,-1.44
1993-12-01,2.59,3.87,2.74,1.4,1.77,2.39
1994-01-01,1.92,2.9,5.09,1.98,4.49,3.03
1994-02-01,-0.91,0.82,-0.91,-1.65,-3.05,-4.47
1994-03-01,-6.21,-4.82,-4.3,-4.72,-3.8,-3.95
1994-04-01,-0.8,0.64,1.37,0.35,2.03,1.57
1994-05-01,-2.54,-1.03,0.06,1.5,1.77,-0.75
1994-06-01,-4.75,-2.08,-2.09,-3.03,-2.13,-2.32
1994-07-01,1.45,1.51,2.3,3.08,3.32,4.19
1994-08-01,7.47,4.29,3.98,5.9,3.04,2.45
1994-09-01,0.58,-0.18,-0.46,-1.14,-3.25,-3.72
1994-10-01,0.59,-0.08,-2.03,2.35,2.5,0.23
1994-11-01,-3.73,-3.45,-3.73,-2.92,-4.48,-3.02
1994-12-01,0.63,2.09,1.31,1.41,1.21,1.26
1995-01-01,-1.13,-0.14,0.96,2.22,2.92,3.42
1995-02-01,3.6,3.25,4.35,4.02,4.13,4.04
1995-03-01,2.69,2.04,0.95,2.99,3.17,0.62
1995-04-01,1.19,3,3.2,2.08,3.07,3.47
1995-05-01,0.78,1.98,2.91,3.55,3.59,5.23
1995-06-01,7.22,4.93,3.93,3.92,1.74,1.24
1995-07-01,7.84,4.77,4.76,4,4.08,2.65
1995-08-01,2.21,2.93,3.89,0.1,1.17,2.25
1995-09-01,2.48,1.81,1.56,4.85,3.31,3.88
1995-10-01,-5.83,-4.97,-3.68,0.48,-1.26,-1.88
1995-11-01,3.56,3.3,4.04,3.95,5.26,4.14
1995-12-01,1.83,2.58,2.19,0.28,2.49,2.73
1996-01-01,0.04,0.33,1.1,3.02,3.14,2.77
1996-02-01,4.73,2.58,2.28,1.99,1.66,-0.21
1996-03-01,2.12,2.76,2.83,0.2,1.55,2.04
1996-04-01,8.8,4.7,4.37,2.82,1.23,-0.85
1996-05-01,6.07,4.38,5.41,3.8,0.92,1.66
1996-06-01,-6.27,-2.37,-2.42,0.02,-0.18,0.02
1996-07-01,-13.8,-6.11,-5.35,-5.55,-3.7,-5.23
1996-08-01,7.1,4.61,4.55,2.05,3.86,3.46
1996-09-01,5.19,2.69,2.84,6.83,4.69,1.66
1996-10-01,-5.12,-0.05,1.14,0.67,3.58,4.06
1996-11-01,1.84,4.65,3.64,7.25,7.91,5.77
1996-12-01,0.66,2.68,1.84,-1.71,-1.43,-0.91
1997-01-01,4.24,2.86,3.18,6.62,5.21,3.01
1997-02-01,-6.15,-0.27,1.14,0.01,0.45,2.09
1997-03-01,-8.44,-3.23,-1.82,-5.5,-2.61,-4.4
1997-04-01,-3.2,0.68,-0.18,6.72,4.5,1.65
1997-05-01,15.56,9.79,7.9,7.01,5.84,5.92
1997-06-01,3.76,5.76,6.58,4.17,4.65,2.79
1997-07-01,4.89,5.49,5.51,7.75,8.84,6.87
1997-08-01,3.88,3.26,3.21,-5.77,-3.54,-2.36
1997-09-01,8.86,7.91,7.9,5.07,6.02,5.54
1997-10-01,-5.89,-3.47,-2.28,-3.51,-3.05,-2.7
1997-11-01,-3.18,-0.84,0.4,4.85,3.44,3.3
1997-12-01,-2.13,1.09,2.18,1.01,2.95,4.38
1998-01-01,-0.42,-1.51,-0.74,2.99,-2,-0.84
1998-02-01,8.31,7.14,7.22,7.22,7.89,6.6
1998-03-01,4.54,4.54,4.83,4.6,5.5,6.78
1998-04-01,0.78,1.46,2.26,1.18,1.62,0.26
1998-05-01,-7.32,-4.65,-2.54,-2.58,-2.2,0.87
1998-06-01,0.69,-0.88,0.32,5.89,1.88,1.82
1998-07-01,-7.69,-7.86,-6.67,-0.48,-3.16,-3.8
1998-08-01,-24.36,-18.85,-17.22,-14.61,-17.31,-11.27
1998-09-01,8.73,5.52,2.84,7.72,3.96,5.86
1998-10-01,4.85,3.62,2.89,8.3,7.92,4.72
1998-11-01,9.12,5.47,5.48,7.09,5.68,3.88
1998-12-01,6.66,3.34,2.8,8.7,1.82,3.16
1999-01-01,4.82,1.27,0.47,5.69,-0.66,-1.07
1999-02-01,-9.23,-6.97,-8.19,-4.26,-1.26,-2.2
1999-03-01,0.06,0.18,-2.78,4.2,3.59,1.19
1999-04-01,10.14,9.83,8.74,1.7,9.48,7.99
1999-05-01,1.43,1.55,4.43,-2.55,-0.81,-0.17
1999-06-01,6.49,6.11,6.07,6.83,2.61,-1.13
1999-07-01,-1.26,-0.87,-0.56,-3.13,-3.49,-2.81
1999-08-01,-2.94,-3.16,-2.88,-0.25,-2.57,-2.2
1999-09-01,0.63,-0.76,-2.57,-1.95,-5.53,-4.7
1999-10-01,1.12,-0.66,-3.09,7.07,5.81,4.81
1999-11-01,13.24,6.21,3.42,4.15,-2.55,-2.07
1999-12-01,18.15,8.51,5.86,7.85,1.9,1.75
2000-01-01,0.58,-0.23,0.3,-4.76,-3.69,-4
2000-02-01,28.29,15.52,11.55,1.24,-4.57,-7.38
2000-03-01,-13.43,-3.76,-1.02,8.7,10.64,11.63
2000-04-01,-14.25,-5.54,-4.56,-4.29,-1.17,4.29
2000-05-01,-8.08,-5.52,-3.7,-3.43,1.05,-0.37
2000-06-01,17.52,9.25,7.96,5.03,-5.88,-5.52
2000-07-01,-7.24,1.43,2.32,-2.98,3.41,4.5
2000-08-01,8.54,5.67,6.32,7.56,8.42,7.23
2000-09-01,-7.08,-0.24,-1.06,-6.2,1.97,1.47
2000-10-01,-8.21,-1.15,-1.84,-2.19,0.96,1.02
2000-11-01,-16.25,-4.38,-2.46,-10.9,-3.02,0.15
2000-12-01,2.76,9.4,8.12,-0.28,9.28,6.61
2001-01-01,12.52,5.25,6.49,3.77,1,-1.6
2001-02-01,-12.28,-0.5,0.48,-11.67,-0.5,3.31
2001-03-01,-7.34,-1.43,-1.16,-8.18,-1.74,-1.64
2001-04-01,10.21,4.92,5.15,8.94,5.26,5.27
2001-05-01,4.07,4.55,6.37,0.4,1.97,3.63
2001-06-01,6.42,5.15,2.02,-1.91,-1.85,-1.8
2001-07-01,-9.51,-4.05,-1.03,-1.68,-1.36,1.09
2001-08-01,-7.67,-2.34,-1.24,-6.98,-3.97,-6.67
2001-09-01,-17.25,-12.99,-14.37,-8.31,-8.9,-7.59
2001-10-01,11.16,5.08,4.41,3.31,0.73,-4.01
2001-11-01,9.25,7.16,8.89,8.28,5.86,10.01
2001-12-01,6.69,6.83,6.96,0.75,2.97,1.35
2002-01-01,-5.16,1.12,2.7,-0.86,-2,-1.82
2002-02-01,-8.17,-1.32,-0.4,-2.6,0.1,-2.55
2002-03-01,9.02,7.51,10.07,3.62,5.17,4.91
2002-04-01,-3.57,2.72,3.96,-6.94,-1.49,-6.05
2002-05-01,-6.51,-3.67,-2.52,-1.36,0.1,-0.27
2002-06-01,-7.6,-2.79,-2.42,-7.34,-6.55,-9.41
2002-07-01,-14.49,-14.3,-14.87,-5.96,-9.42,-12.84
2002-08-01,-0.65,0.61,-0.8,0.25,0.8,4.88
2002-09-01,-8.64,-7.67,-6.58,-10.58,-10.22,-10.18
2002-10-01,6.82,4.37,-0.22,9.71,6.44,3.76
2002-11-01,13.92,7.52,7.72,5,6.59,8.07
2002-12-01,-9.12,-4.11,-3.31,-6.28,-4.59,-4.31
2003-01-01,-2.33,-2.41,-1.37,-2.67,-2.26,-5.38
2003-02-01,-3.57,-2.38,-3.29,-1.01,-3.26,-4.21
2003-03-01,2.03,0.58,0.94,1.7,0.1,-0.55
2003-04-01,11.24,9.46,9.11,7.64,9.08,9.66
2003-05-01,13.14,10.74,10.38,4.99,6.9,8.04
2003-06-01,2.41,2.48,3.59,1.21,1.34,1.4
2003-07-01,8.38,6.23,6.32,2.32,1.73,0.16
2003-08-01,4.63,4.97,6.15,1.79,2.24,3.71
2003-09-01,-1.82,-1.68,0.9,-0.8,-1.93,-1.52
2003-10-01,8.25,8.27,10.83,5.11,7.44,6.13
2003-11-01,2.86,3.94,4.51,0.84,1.71,2.12
2003-12-01,0.78,2.35,4.07,4.29,4.9,6.36
2004-01-01,3.95,4.35,6.06,1.59,2.11,2.76
2004-02-01,0.42,0.69,0.75,1.2,2.42,1.7
2004-03-01,1.03,0.59,0.41,-1.83,-0.56,-1.11
2004-04-01,-3.62,-3.43,-6.06,-0.68,-3.18,-1.62
2004-05-01,1.06,1.02,0.75,1.39,0.8,1.12
2004-06-01,3.45,4.36,5.26,1.22,2.18,2.71
2004-07-01,-9.91,-5.27,-4.35,-4.9,-1.67,-1.51
2004-08-01,-2.12,-0.27,-0.82,-0.18,0.95,0.78
2004-09-01,5.53,4.89,3.9,0.54,2.24,2.89
2004-10-01,3.21,1.13,1.48,1.76,0.97,1.8
2004-11-01,8.15,8.63,9.94,3.45,5.24,5.52
2004-12-01,4.29,2.57,3.95,4.03,2.56,3.66
2005-01-01,-5.74,-3.16,-2.09,-2.95,-1.79,-1.29
2005-02-01,0.43,2.07,3.7,0.81,4.34,3.21
2005-03-01,-4.05,-2.36,-1.78,-1.23,-2.81,0
2005-04-01,-6.41,-5.79,-6.36,-1.34,-2.91,-2.31
2005-05-01,7.37,6.24,5.54,3.93,2.93,3.31
2005-06-01,2.61,4.21,4.52,-0.97,1.96,2.67
2005-07-01,6.62,6.94,6.13,4.63,2.55,4.22
2005-08-01,-2.08,-1.4,-0.87,-1.64,-0.06,-0.02
2005-09-01,0.51,0.58,0.46,-0.24,1.72,2.12
2005-10-01,-3.63,-2.8,-2.46,-0.27,-2.69,-2.84
2005-11-01,5.14,4.77,3.44,4.27,3.82,2.26
2005-12-01,-0.21,-0.16,-0.35,-0.66,1.04,0.43
2006-01-01,8.63,9.5,7.69,1.26,4.03,4.54
2006-02-01,-0.35,-0.32,-0.66,0.33,0.35,-1.08
2006-03-01,4.27,5.47,4.85,1.58,1.54,0.78
2006-04-01,-0.74,0.95,1.59,-0.31,2.3,3.52
2006-05-01,-7.65,-4.6,-3.93,-3.12,-2.67,-1.29
2006-06-01,-0.6,0.17,0.27,-0.37,0.03,1.78
2006-07-01,-5.82,-2.79,-1.86,-1.21,1.34,1.37
2006-08-01,3.24,2.68,2.44,3.47,1.65,0.76
2006-09-01,0.97,1.19,0.93,2.69,2.22,1.89
2006-10-01,5.91,5.01,5.11,3.14,3.06,4.9
2006-11-01,2.64,2.68,3.12,1.44,2.76,1.92
2006-12-01,-0.57,0.8,2.14,0.43,1.85,2.75
2007-01-01,2.19,1,2.46,2.28,1.14,1.96
2007-02-01,-0.21,-0.37,-0.31,-2,-1.59,-1.43
2007-03-01,1.31,1.37,0.6,0.61,1.35,2.1
2007-04-01,2.32,1.93,1.74,4.88,3.86,3.53
2007-05-01,4.14,4.08,2.78,2.98,4.04,4.09
2007-06-01,-0.69,-0.9,-1.66,-1.2,-1.98,-2.34
2007-07-01,-4.89,-5.81,-7.82,-1.59,-4.28,-4.64
2007-08-01,1.72,2.16,-0.87,1.63,2.31,-0.51
2007-09-01,2.66,0.85,-0.28,4.56,2.83,3.24
2007-10-01,3.63,1.68,0.92,2.98,0.87,1.75
2007-11-01,-6.75,-6.99,-7.73,-3.44,-5.07,-4.64
2007-12-01,0.26,-0.84,-0.74,-0.44,-1.55,0.52
2008-01-01,-8.17,-5.84,-4.65,-7.26,-4.4,-4.68
2008-02-01,-4.11,-2.95,-3.69,-2.37,-3.88,-2.86
2008-03-01,-1.38,1.05,0.05,0.51,-2.92,-0.37
2008-04-01,4.85,2.91,2.94,3.98,5.35,5.83
2008-05-01,5.08,5.47,3.57,2.26,-0.17,3.1
2008-06-01,-7.57,-7.75,-7.76,-7.32,-9.8,-9.16
2008-07-01,2.75,2.58,5.49,-0.81,-2.92,3.82
2008-08-01,3.07,4.17,7.01,1.57,0.84,0.59
2008-09-01,-10.87,-7,-7.13,-9.62,-9.79,-4.56
2008-10-01,-21.83,-19.35,-20.33,-15.05,-17.08,-22.54
2008-11-01,-11.99,-11.1,-14.43,-6.28,-6.66,-13.7
2008-12-01,5.53,4.02,5.37,2.21,0.84,-0.03
2009-01-01,-7.52,-10.5,-15.94,-4.57,-10.58,-15.86
2009-02-01,-9.82,-11.39,-15.36,-7.27,-12.72,-15.53
2009-03-01,9.13,10.12,11.42,8.09,9.41,10.99
2009-04-01,16.2,16.69,18.12,7.34,11.2,16.27
2009-05-01,3.54,3.19,2.42,4.22,6.47,6.45
2009-06-01,5.23,1.06,1.53,1.48,-1.97,0.3
2009-07-01,6.85,10.16,14.45,6.79,8.52,8.66
2009-08-01,0.96,3.04,9.17,1.93,3.9,8.88
2009-09-01,6.78,5.73,7.83,3.58,4.03,5.33
2009-10-01,-6.78,-6.43,-9.42,-0.58,-2.72,-6.68
2009-11-01,1.74,2.04,4.32,6.71,4.88,4.47
2009-12-01,8.46,8.3,8.57,1.93,2.76,3.27
2010-01-01,-3.75,-2.73,-2.96,-3.97,-2.5,-3.55
2010-02-01,3.62,4.13,7.55,3.14,3.17,4.68
2010-03-01,7.37,8.09,9.04,5.4,6.58,7.79
2010-04-01,4.65,6.26,9.41,0.9,2.16,2.45
2010-05-01,-6.53,-7.22,-10.46,-7.46,-8.31,-8.18
2010-06-01,-6.11,-7.68,-10.92,-4.71,-5.19,-8.43
2010-07-01,6.83,6.61,7.69,6.81,7.43,6.39
2010-08-01,-6.9,-7.95,-8.31,-4.14,-4.19,-6
2010-09-01,14.04,12.56,11,10.06,8.95,7.06
2010-10-01,4.66,4.08,3.74,4.73,3.57,1.05
2010-11-01,3.15,4.31,3.56,0.58,0.37,-0.92
2010-12-01,7.32,8.07,9.61,4.94,7.92,9.81
2011-01-01,-0.4,-0.03,0.45,1.91,2.7,2.78
2011-02-01,4.96,5.16,6.15,2.57,4.1,4.72
2011-03-01,3.24,2.46,2.31,0.09,1.49,-1.43
2011-04-01,3.43,2.01,1.33,3.83,2.45,1.44
2011-05-01,-1.19,-2.29,-3.33,-0.54,-1.48,-2.82
2011-06-01,-1.63,-2,-1.92,-1.48,-1.79,-2.03
2011-07-01,-4.17,-4.13,-3.51,-0.81,-2.95,-3.87
2011-08-01,-9.09,-9.19,-9.66,-4.21,-7.06,-6.76
2011-09-01,-10.99,-11.4,-11.12,-6.42,-7.63,-8.42
2011-10-01,15.5,15.81,12.98,10.19,12.44,10.92
2011-11-01,-1.42,-0.37,-0.07,-0.14,0.89,-1.84
2011-12-01,-0.2,0.71,1.09,-0.26,2.06,1.51
2012-01-01,7.95,6.99,5.98,6.05,3.56,3.74
2012-02-01,3.55,2.39,2.86,4.54,3.88,5.32
2012-03-01,2.61,2.9,2.83,3.96,1.45,3.6
2012-04-01,-1.23,-2.06,-0.97,-0.57,-0.66,-1.22
2012-05-01,-6.57,-6.42,-5.79,-5.88,-6.16,-6.46
2012-06-01,5.88,4.24,4.77,3.03,4.34,5.06
2012-07-01,-2.97,-1.08,-1.44,1.27,1.24,-0.23
2012-08-01,3.28,3.37,3.57,2.69,1.78,3.58
2012-09-01,3.24,3.6,3.87,1.73,3.29,4.24
2012-10-01,-3.86,-1.28,-0.43,-2.87,-1.51,2.03
2012-11-01,0.75,0.82,1.07,1.57,0,-0.93
2012-12-01,2.55,3.79,4.3,-0.15,1.13,4.67
2013-01-01,6.61,6.08,6.52,4.63,5.69,7.42
2013-02-01,1.09,0.58,1.43,1.19,1.59,1.46
2013-03-01,5.3,4.23,4.88,3.71,4.17,4.02
2013-04-01,-0.81,-0.65,-0.38,1.81,1.52,2.1
2013-05-01,5.23,5.39,4.65,2.14,2.01,5.34
2013-06-01,0.53,-0.27,-0.54,-2.03,-0.07,-1.87
2013-07-01,7.3,7.09,8.02,5.53,4.93,6.4
2013-08-01,-1.17,-3.64,-3.51,-1.69,-3.19,-4.26
